ticker1,ticker2,fundamental_similarity,similarity_strength
MA,SBUX,0.8278823337193796,high
MA,HD,0.6410633179593485,medium
MA,PG,0.8255106542499162,high
MA,PEP,-0.38358659062034445,low
MA,FDX,0.6295131105351757,medium
MA,CAT,0.5100498484961128,medium
MA,ACN,0.31780387780643177,low
MA,TSLA,0.9518966177121515,high
MA,META,-0.8219807468774813,low
MA,BRK-B,0.5311240857000185,medium
MA,AAPL,0.9312022248387507,high
MA,AXP,0.8116180361976242,high
MA,PFE,-0.03847711423968876,low
MA,CVX,0.6831936330927663,medium
MA,ORCL,0.6620460044900556,medium
MA,TXN,0.9933299118716822,high
MA,NKE,0.9240401217212665,high
MA,MRK,0.09288469122145512,low
MA,COST,0.6384416225026861,medium
MA,WMT,0.5408078519566852,medium
MA,CRM,-0.22904470430214213,low
MA,BAC,0.11840318747834416,low
MA,V,0.7980763601303108,medium
MA,IBM,0.8169807657946614,high
MA,INTC,0.7892263640691037,medium
MA,AVGO,0.9142924225857328,high
MA,MMM,0.8548134282694093,high
MA,CSCO,0.8853303022489942,high
MA,JNJ,0.8040766719321141,high
MA,DIS,0.5179168580595115,medium
MA,NVDA,0.2878041558846939,low
MA,GOOGL,-0.37836765421283663,low
MA,JPM,0.6403910106110456,medium
MA,AMZN,-0.16600267228985843,low
MA,LLY,0.9223294703640909,high
MA,MSFT,0.5446279914081886,medium
MA,CMCSA,0.9018084179864257,high
MA,NFLX,0.9049010811366026,high
MA,VZ,0.9729204250234746,high
MA,TMO,0.8734074412657098,high
MA,GOOG,0.7737133415082266,medium
MA,QCOM,-0.1843638846625135,low
MA,MCD,-0.08629297275859923,low
MA,ABBV,0.5475417232431543,medium
MA,UNH,0.9645853902053124,high
MA,KO,0.7843789508280079,medium
MA,ADBE,0.4466545229890074,low
MA,XOM,0.43944025102598117,low
MA,GE,0.12323371976733007,low
SBUX,HD,0.10023958950148384,low
SBUX,PG,0.36686025798029614,low
SBUX,PEP,-0.8355601408995473,low
SBUX,FDX,0.08534776309627592,low
SBUX,CAT,0.904718059357045,high
SBUX,ACN,0.7949268981797061,medium
SBUX,TSLA,0.6161872148189962,medium
SBUX,META,-0.36106118826482997,low
SBUX,BRK-B,-0.03554051895779136,low
SBUX,AAPL,0.5664754940853564,medium
SBUX,AXP,0.9995966021708522,high
SBUX,PFE,0.5286319297280069,medium
SBUX,CVX,0.9751953423595926,high
SBUX,ORCL,0.9684714572587909,high
SBUX,TXN,0.8870361467624045,high
SBUX,NKE,0.979426733714106,high
SBUX,MRK,-0.48157936587772876,low
SBUX,COST,0.09684510299413526,low
SBUX,WMT,0.9195256725740538,high
SBUX,CRM,0.3563686793935022,low
SBUX,BAC,0.6549801110912679,medium
SBUX,V,0.3227383862752337,low
SBUX,IBM,0.9998163401271409,high
SBUX,INTC,0.9978377071620036,high
SBUX,AVGO,0.5297305909723798,medium
SBUX,MMM,0.41661310136874,low
SBUX,CSCO,0.99374770312587,high
SBUX,JNJ,0.33221037812828386,low
SBUX,DIS,0.9085869919867051,high
SBUX,NVDA,-0.29890167841256654,low
SBUX,GOOGL,0.20595789319741073,low
SBUX,JPM,0.9609685111623352,high
SBUX,AMZN,-0.6905501478844249,low
SBUX,LLY,0.546845355552953,medium
SBUX,MSFT,0.9213037554970873,high
SBUX,CMCSA,0.9889771581564896,high
SBUX,NFLX,0.5104195035303025,medium
SBUX,VZ,0.9351106548990066,high
SBUX,TMO,0.9962322681621916,high
SBUX,GOOG,0.995895008788511,high
SBUX,QCOM,0.39865526035855114,low
SBUX,MCD,-0.6302499650570559,low
SBUX,ABBV,0.9226506297093197,high
SBUX,UNH,0.9465127127496561,high
SBUX,KO,0.3014562235595579,low
SBUX,ADBE,0.8716198899679111,high
SBUX,XOM,-0.14003747099478578,low
SBUX,GE,0.6586494546913817,medium
HD,PG,0.9623644883436926,high
HD,PEP,0.4628756427952995,low
HD,FDX,0.9998881536275002,high
HD,CAT,-0.3331765931998619,low
HD,ACN,-0.5239663011531065,low
HD,TSLA,0.8453991905884746,high
HD,META,-0.9640378436122375,low
HD,BRK-B,0.9907721794666962,high
HD,AAPL,0.8767112429248763,high
HD,AXP,0.07194091708795063,low
HD,PFE,-0.7915859225145288,low
HD,CVX,-0.12247795526569497,low
HD,ORCL,-0.15079060025394023,low
HD,TXN,0.5482906910316354,medium
HD,NKE,0.29896101544637654,low
HD,MRK,0.8237150147051034,high
HD,COST,0.9999941822365728,high
HD,WMT,-0.29887750601091007,low
HD,CRM,-0.8939171789992922,low
HD,BAC,-0.6861852380920459,low
HD,V,0.9740722242294887,high
HD,IBM,0.08115299831941603,low
HD,INTC,0.03462785905220242,low
HD,AVGO,0.8969940066126788,high
HD,MMM,0.9462662617540184,high
HD,CSCO,0.2106995373151057,low
HD,JNJ,0.9717553305972831,high
HD,DIS,-0.324515493203597,low
HD,NVDA,0.9195157167093692,high
HD,GOOGL,-0.952987030223026,low
HD,JPM,-0.17893724449893622,low
HD,AMZN,0.6504211074992647,medium
HD,LLY,0.8878323165555695,high
HD,MSFT,-0.2945340695691572,low
HD,CMCSA,0.24645705579807536,low
HD,NFLX,0.906758616618371,high
HD,VZ,0.446306176620657,low
HD,TMO,0.18615035060105983,low
HD,GOOG,0.00976808750565834,low
HD,QCOM,-0.87252068223449,low
HD,MCD,0.7093058550403359,medium
HD,ABBV,-0.29120844911404864,low
HD,UNH,0.415919402732945,low
HD,KO,0.9788955005837283,high
HD,ADBE,-0.40034267409158536,low
HD,XOM,0.9711218647597495,high
HD,GE,-0.6826373349071951,low
PG,PEP,0.2045589205282188,low
PG,FDX,0.9581923941546691,high
PG,CAT,-0.06440258287969829,low
PG,ACN,-0.2727762577535031,low
PG,TSLA,0.9587397648053252,high
PG,META,-0.9999806178697848,low
PG,BRK-B,0.9166499430769961,high
PG,AAPL,0.9744379267427387,high
PG,AXP,0.34029123279113593,low
PG,PFE,-0.5957318631322317,low
PG,CVX,0.15184754541900394,low
PG,ORCL,0.12353909260971184,low
PG,TXN,0.7549267515816434,medium
PG,NKE,0.5470425301923552,medium
PG,MRK,0.6386239211548762,medium
PG,COST,0.9614318865229653,high
PG,WMT,-0.028288923710631075,low
PG,CRM,-0.7384616722333796,low
PG,BAC,-0.4626733212543014,low
PG,V,0.9988952133234397,high
PG,IBM,0.3489644118244234,low
PG,INTC,0.3049236523701875,low
PG,AVGO,0.9833655931644736,high
PG,MMM,0.9985377732699806,high
PG,CSCO,0.468430944634816,low
PG,JNJ,0.9993161101294953,high
PG,DIS,-0.05524783048372805,low
PG,NVDA,0.7780923335646339,medium
PG,GOOGL,-0.8347739722298482,low
PG,JPM,0.09517305710875386,low
PG,AMZN,0.4195188670837192,low
PG,LLY,0.9794742355986616,high
PG,MSFT,-0.0237422130803365,low
PG,CMCSA,0.5005606821443368,medium
PG,NFLX,0.9872207733907428,high
PG,VZ,0.6727036936991712,medium
PG,TMO,0.44615644495194284,low
PG,GOOG,0.28114950781841114,low
PG,QCOM,-0.7069062025913688,low
PG,MCD,0.4910454933122858,low
PG,ABBV,-0.020264924774009905,low
PG,UNH,0.6474068395991172,medium
PG,KO,0.9975919443418213,high
PG,ADBE,-0.13624223798476712,low
PG,XOM,0.8697351291720441,high
PG,GE,-0.4583538478804629,low
PEP,FDX,0.4760811672364837,low
PEP,CAT,-0.9899962729009492,low
PEP,ACN,-0.9975324677109221,low
PEP,TSLA,-0.08215498574577419,low
PEP,META,-0.21064936589461958,low
PEP,BRK-B,0.5787481412918549,medium
PEP,AAPL,-0.0205764007142512,low
PEP,AXP,-0.8508267144734936,low
PEP,PFE,-0.9080617373134215,low
PEP,CVX,-0.9364416173757052,low
PEP,ORCL,-0.9460849181587918,low
PEP,TXN,-0.48751454310248293,low
PEP,NKE,-0.7075011779968474,low
PEP,MRK,0.8838831630551824,high
PEP,COST,0.4658966138488737,low
PEP,WMT,-0.9842492554870662,low
PEP,CRM,-0.8110958947823346,low
PEP,BAC,-0.962426487864289,low
PEP,V,0.2503323364208531,low
PEP,IBM,-0.8459357530044513,low
PEP,INTC,-0.8698632261645739,low
PEP,AVGO,0.023359756817586515,low
PEP,MMM,0.1513444713357589,low
PEP,CSCO,-0.7689961147383986,low
PEP,JNJ,0.24061429723017502,low
PEP,DIS,-0.9886606580021092,low
PEP,NVDA,0.774032947145353,medium
PEP,GOOGL,-0.7097105520983747,low
PEP,JPM,-0.9549424830446942,low
PEP,AMZN,0.9743679627407428,high
PEP,LLY,0.0030531308719866004,low
PEP,MSFT,-0.9834350088011956,low
PEP,CMCSA,-0.7450013947772027,low
PEP,NFLX,0.04595603017751639,low
PEP,VZ,-0.5866584483747019,low
PEP,TMO,-0.7847652130716001,low
PEP,GOOG,-0.8818595280307798,low
PEP,QCOM,-0.8369547311289801,low
PEP,MCD,0.9531608878148475,high
PEP,ABBV,-0.9827986115428309,low
PEP,UNH,-0.6135956339648423,low
PEP,KO,0.2719561550316976,low
PEP,ADBE,-0.9975965438651387,low
PEP,XOM,0.6609950544750312,medium
PEP,GE,-0.9637364627479721,low
FDX,CAT,-0.3472407556094395,low
FDX,ACN,-0.5366462574044693,low
FDX,TSLA,0.837316142918782,high
FDX,META,-0.9599552532221064,low
FDX,BRK-B,0.9926884604463415,high
FDX,AAPL,0.86941912239166,high
FDX,AXP,0.057015680025660806,low
FDX,PFE,-0.800636333346321,low
FDX,CVX,-0.13730759990168065,low
FDX,ORCL,-0.16555866766841976,low
FDX,TXN,0.5357218936148818,medium
FDX,NKE,0.2846556397884681,low
FDX,MRK,0.8321029652645296,high
FDX,COST,0.999933352490844,high
FDX,WMT,-0.3131164068252562,low
FDX,CRM,-0.9005209324373643,low
FDX,BAC,-0.6969878453422025,low
FDX,V,0.9705796860486628,high
FDX,IBM,0.06623730835177684,low
FDX,INTC,0.019677012345937113,low
FDX,AVGO,0.8902825155387187,high
FDX,MMM,0.9413238443617074,high
FDX,CSCO,0.19605577609029673,low
FDX,JNJ,0.9681171808430606,high
FDX,DIS,-0.33862573052020906,low
FDX,NVDA,0.925291354070497,high
FDX,GOOGL,-0.9574122587045579,low
FDX,JPM,-0.19363179255982374,low
FDX,AMZN,0.66170850307465,medium
FDX,LLY,0.8808507824577186,high
FDX,MSFT,-0.30879363916063357,low
FDX,CMCSA,0.23193488263723486,low
FDX,NFLX,0.9003510239559391,high
FDX,VZ,0.4328724796252079,low
FDX,TMO,0.17143499809830767,low
FDX,GOOG,-0.005188234633897942,low
FDX,QCOM,-0.8797302264611103,low
FDX,MCD,0.7197689787437894,medium
FDX,ABBV,-0.3054836254752967,low
FDX,UNH,0.40227192683614305,low
FDX,KO,0.9757295965665719,high
FDX,ADBE,-0.4140030076466397,low
FDX,XOM,0.9745814970016631,high
FDX,GE,-0.6934901494135454,low
CAT,ACN,0.9776477200206393,high
CAT,TSLA,0.22194968612581434,low
CAT,META,0.0706144742520809,low
CAT,BRK-B,-0.45789584791466986,low
CAT,AAPL,0.1614342020060888,low
CAT,AXP,0.9164523527863065,high
CAT,PFE,0.839882644321428,high
CAT,CVX,0.9765726251223557,high
CAT,ORCL,0.9823233711456408,high
CAT,TXN,0.6058284251528613,medium
CAT,NKE,0.800136031807077,high
CAT,MRK,-0.8090505050050635,low
CAT,COST,-0.33639084452802936,low
CAT,WMT,0.999346497675412,high
CAT,CRM,0.7204544543810516,medium
CAT,BAC,0.91448576963617,high
CAT,V,-0.11122698838499993,low
CAT,IBM,0.9127162720458747,high
CAT,INTC,0.9307617922496239,high
CAT,AVGO,0.11792894055220046,low
CAT,MMM,-0.010362193233266365,low
CAT,CSCO,0.8514978031893528,high
CAT,JNJ,-0.1012589565643862,low
CAT,DIS,0.9999579447329908,high
CAT,NVDA,-0.6769570347633824,low
CAT,GOOGL,0.603211353989359,medium
CAT,JPM,0.9872647737446013,high
CAT,AMZN,-0.9328802322297012,low
CAT,LLY,0.138070268025849,low
CAT,MSFT,0.9991717577392851,high
CAT,CMCSA,0.8316668536112293,high
CAT,NFLX,0.09544814478169908,low
CAT,VZ,0.695052068006763,medium
CAT,TMO,0.8643634307350607,high
CAT,GOOG,0.9395649617838913,high
CAT,QCOM,0.7513655173703409,medium
CAT,MCD,-0.9009500526832717,low
CAT,ABBV,0.9990241839092002,high
CAT,UNH,0.7188677094689723,medium
CAT,KO,-0.13345993090609923,low
CAT,ADBE,0.9973932619988338,high
CAT,XOM,-0.5485074422244554,low
CAT,GE,0.9164438804019867,high
ACN,TSLA,0.011982929328903954,low
ACN,META,0.2787609277615564,low
ACN,BRK-B,-0.6345740422164081,low
ACN,AAPL,-0.0496661736775669,low
ACN,AXP,0.8118374336658414,high
ACN,PFE,0.9352261685514675,high
ACN,CVX,0.9095007724715025,high
ACN,ORCL,0.9210091709256893,high
ACN,TXN,0.4250131019564666,low
ACN,NKE,0.6561394915645563,medium
ACN,MRK,-0.9145383554064893,low
ACN,COST,-0.5268686059677454,low
ACN,WMT,0.9694090106315775,high
ACN,CRM,0.8501592946520269,high
ACN,BAC,0.9791157533144573,high
ACN,V,-0.31768591611376235,low
ACN,IBM,0.8064082301464803,high
ACN,INTC,0.833084355130373,high
ACN,AVGO,-0.09348962349607898,low
ACN,MMM,-0.22036898456992718,low
ACN,CSCO,0.722218738823778,medium
ACN,JNJ,-0.30816462420704194,low
ACN,DIS,0.9756783873303074,high
ACN,NVDA,-0.8165740174955826,low
ACN,GOOGL,0.7574194498682647,medium
ACN,JPM,0.931749430368742,high
ACN,AMZN,-0.9877573809433818,low
ACN,LLY,-0.07325193532400341,low
ACN,MSFT,0.968282614333601,high
ACN,CMCSA,0.6963308174928923,medium
ACN,NFLX,-0.11597512165670341,low
ACN,VZ,0.5283550722361088,medium
ACN,TMO,0.7393151686324748,medium
ACN,GOOG,0.8465802105815795,high
ACN,QCOM,0.873311669203513,high
ACN,MCD,-0.9720439040483957,low
ACN,ABBV,0.9674077217777722,high
ACN,UNH,0.5566449507596097,medium
ACN,KO,-0.33884564555423363,low
ACN,ADBE,0.990270306345148,high
ACN,XOM,-0.7120464255137152,low
ACN,GE,0.9800934693890123,high
TSLA,META,-0.9569512043933645,low
TSLA,BRK-B,0.7652025279313923,medium
TSLA,AAPL,0.9980990185459866,high
TSLA,AXP,0.5935698030164118,medium
TSLA,PFE,-0.3428186939085492,low
TSLA,CVX,0.42657086796271815,low
TSLA,ORCL,0.40054931227919066,low
TSLA,TXN,0.9102151093048388,high
TSLA,NKE,0.7624479192787351,medium
TSLA,MRK,0.3935113015360322,low
TSLA,COST,0.8435722929526303,high
TSLA,WMT,0.25704968935551736,low
TSLA,CRM,-0.5163003657980075,low
TSLA,BAC,-0.19155629844918207,low
TSLA,V,0.94432111592085,high
TSLA,IBM,0.6009799276999952,medium
TSLA,INTC,0.5630890400194929,medium
TSLA,AVGO,0.9944284910920345,high
TSLA,MMM,0.9727058843208323,high
TSLA,CSCO,0.7002693621213744,medium
TSLA,JNJ,0.9475720273824528,high
TSLA,DIS,0.2308826910235454,low
TSLA,NVDA,0.5674143483608629,medium
TSLA,GOOGL,-0.6438056328899298,low
TSLA,JPM,0.3742409303321224,low
TSLA,AMZN,0.144150509929435,low
TSLA,LLY,0.9963640905072062,high
TSLA,MSFT,0.26144243985490384,low
TSLA,CMCSA,0.7260135234111096,medium
TSLA,NFLX,0.9917910835485458,high
TSLA,VZ,0.8552937917051943,high
TSLA,TMO,0.6821703640390425,medium
TSLA,GOOG,0.5423674599419002,medium
TSLA,QCOM,-0.47666210272333165,low
TSLA,MCD,0.2231343750401932,low
TSLA,ABBV,0.2647980111699706,low
TSLA,UNH,0.8373610943218408,high
TSLA,KO,0.9367140646110164,high
TSLA,ADBE,0.15101352656223258,low
TSLA,XOM,0.6935495727063117,medium
TSLA,GE,-0.18677797919558195,low
META,BRK-B,-0.9191206784683089,low
META,AAPL,-0.973020311550755,low
META,AXP,-0.3344301432505885,low
META,PFE,0.6007209884911346,medium
META,CVX,-0.14569073524350748,low
META,ORCL,-0.11735832669523374,low
META,TXN,-0.7508290093271367,low
META,NKE,-0.5418200583987651,low
META,MRK,-0.6434026185209273,low
META,COST,-0.9631256883641416,low
META,WMT,0.03451194861720369,low
META,CRM,0.7426455665623054,medium
META,BAC,0.4681839398456718,low
META,V,-0.9991684347887083,low
META,IBM,-0.3431229786912024,low
META,INTC,-0.2989881824961042,low
META,AVGO,-0.9822156477928399,low
META,MMM,-0.9981818480982322,low
META,CSCO,-0.4629211363567208,low
META,JNJ,-0.9995269635952838,low
META,DIS,0.0614633153714349,low
META,NVDA,-0.7819881546703743,low
META,GOOGL,0.838185818974728,high
META,JPM,-0.0889734092161133,low
META,AMZN,-0.42516242530835197,low
META,LLY,-0.9782002671439354,low
META,MSFT,0.029966062814818333,low
META,CMCSA,-0.49516106674624977,low
META,NFLX,-0.9862094623226129,low
META,VZ,-0.6680839152138941,low
META,TMO,-0.4405757496205262,low
META,GOOG,-0.2751691282730879,low
META,QCOM,0.7112962424508686,medium
META,MCD,-0.49645971223125235,low
META,ABBV,0.02648931839519828,low
META,UNH,-0.642649129724147,low
META,KO,-0.9980044264420397,low
META,ADBE,0.14240760766146954,low
META,XOM,-0.8727909519499458,low
META,GE,0.46387850248159024,low
BRK-B,AAPL,0.8034251291487811,high
BRK-B,AXP,-0.06390952300956927,low
BRK-B,PFE,-0.867102734404919,low
BRK-B,CVX,-0.255865093284569,low
BRK-B,ORCL,-0.28338713040896935,low
BRK-B,TXN,0.42988257270851604,low
BRK-B,NKE,0.16686325808740088,low
BRK-B,MRK,0.8929643854409497,high
BRK-B,COST,0.9912287461027263,high
BRK-B,WMT,-0.4254620622632299,low
BRK-B,CRM,-0.9464206624392978,low
BRK-B,BAC,-0.7784470601466589,low
BRK-B,V,0.934419964513207,high
BRK-B,IBM,-0.054686591553547416,low
BRK-B,INTC,-0.10114817012959319,low
BRK-B,AVGO,0.8288032224472379,high
BRK-B,MMM,0.8937029204629275,high
BRK-B,CSCO,0.07626017002866436,low
BRK-B,JNJ,0.9308025019406563,high
BRK-B,DIS,-0.44972344449445706,low
BRK-B,NVDA,0.9643041517471623,high
BRK-B,GOOGL,-0.98526248571504,low
BRK-B,JPM,-0.3106363051513731,low
BRK-B,AMZN,0.7473700831432257,medium
BRK-B,LLY,0.8172695318944198,high
BRK-B,MSFT,-0.421341613904629,low
BRK-B,CMCSA,0.11282585661349682,low
BRK-B,NFLX,0.8412416938430549,high
BRK-B,VZ,0.3208976553184182,low
BRK-B,TMO,0.051263841887810635,low
BRK-B,GOOG,-0.12585335908321713,low
BRK-B,QCOM,-0.9306898815153638,low
BRK-B,MCD,0.798301200147005,medium
BRK-B,ABBV,-0.4181847466860804,low
BRK-B,UNH,0.2888231202430096,low
BRK-B,KO,0.9421637334951487,high
BRK-B,ADBE,-0.5208505255208336,low
BRK-B,XOM,0.9944976705752224,high
BRK-B,GE,-0.7753833019208282,low
AAPL,AXP,0.5428420892272011,medium
AAPL,PFE,-0.4000630250543137,low
AAPL,CVX,0.37001777878753334,low
AAPL,ORCL,0.343317148719958,low
AAPL,TXN,0.8829613083216276,high
AAPL,NKE,0.7211203693606144,medium
AAPL,MRK,0.4494216100496316,low
AAPL,COST,0.8750653529578855,high
AAPL,WMT,0.19700119887365544,low
AAPL,CRM,-0.5680999282828217,low
AAPL,BAC,-0.2516816009358658,low
AAPL,V,0.9628040528651766,high
AAPL,IBM,0.5505782301995972,medium
AAPL,INTC,0.5110871997208067,medium
AAPL,AVGO,0.9990348051604078,high
AAPL,MMM,0.985157680483129,high
AAPL,CSCO,0.6549412833776895,medium
AAPL,JNJ,0.9654643389473115,high
AAPL,DIS,0.17047820323886875,low
AAPL,NVDA,0.6170844609650702,medium
AAPL,GOOGL,-0.6897409453215458,low
AAPL,JPM,0.3163773701805344,low
AAPL,AMZN,0.20486354567263543,low
AAPL,LLY,0.9997208011824698,high
AAPL,MSFT,0.20145826882097206,low
AAPL,CMCSA,0.6822511258911795,medium
AAPL,NFLX,0.9977863609594466,high
AAPL,VZ,0.8217343315837725,high
AAPL,TMO,0.6358095823547222,medium
AAPL,GOOG,0.48955788724880883,low
AAPL,QCOM,-0.5299347418137526,low
AAPL,MCD,0.28278709614745223,low
AAPL,ABBV,0.2048638637361154,low
AAPL,UNH,0.8020788277917302,high
AAPL,KO,0.9565100276834061,high
AAPL,ADBE,0.08980250414830691,low
AAPL,XOM,0.7366304879622151,medium
AAPL,GE,-0.24696909775590747,low
AXP,PFE,0.5525271434089327,medium
AXP,CVX,0.981088460787139,high
AXP,ORCL,0.9751562347706768,high
AXP,TXN,0.8735654460008299,high
AXP,NKE,0.9733002536578715,high
AXP,MRK,-0.5062760535925404,low
AXP,COST,0.06853825318151101,low
AXP,WMT,0.9303172929653175,high
AXP,CRM,0.3827615306048153,low
AXP,BAC,0.6761772134495413,medium
AXP,V,0.2957267138932999,low
AXP,IBM,0.9999573186858955,high
AXP,INTC,0.9993018850517796,high
AXP,AVGO,0.5054278964694893,medium
AXP,MMM,0.3906258908045604,low
AXP,CSCO,0.9901758520872876,high
AXP,JNJ,0.3052881232575178,low
AXP,DIS,0.9200835634623987,high
AXP,NVDA,-0.3258839904813076,low
AXP,GOOGL,0.2336671948991165,low
AXP,JPM,0.968438294367516,high
AXP,AMZN,-0.7108137903926665,low
AXP,LLY,0.5228462491877534,medium
AXP,MSFT,0.9319757626852443,high
AXP,CMCSA,0.9843728810043869,high
AXP,NFLX,0.4857906120611308,low
AXP,VZ,0.9246692723988967,high
AXP,TMO,0.9933672819619233,high
AXP,GOOG,0.998064035199812,high
AXP,QCOM,0.4245412855407177,low
AXP,MCD,-0.6520462613358855,low
AXP,ABBV,0.9332310174206055,high
AXP,UNH,0.9369667480641478,high
AXP,KO,0.2742545600588384,low
AXP,ADBE,0.8851900893956881,high
AXP,XOM,-0.16810240366867799,low
AXP,GE,0.6797543010061702,medium
PFE,CVX,0.703409189051555,medium
PFE,ORCL,0.7234345888620376,medium
PFE,TXN,0.07700106626514912,low
PFE,NKE,0.3464580112403673,low
PFE,MRK,-0.9985134902387734,low
PFE,COST,-0.7936656869035078,low
PFE,WMT,0.8197145531760435,high
PFE,CRM,0.9815080515727311,high
PFE,BAC,0.9876744790009214,high
PFE,V,-0.6328177951110528,low
PFE,IBM,0.5448028253730453,medium
PFE,INTC,0.5832804836392196,medium
PFE,AVGO,-0.43993415264459346,low
PFE,MMM,-0.5514419242378439,low
PFE,CSCO,0.4305533707299266,low
PFE,JNJ,-0.625023906800446,low
PFE,DIS,0.8348695520418561,high
PFE,NVDA,-0.9680539725544238,low
PFE,GOOGL,0.9395284299483243,high
PFE,JPM,0.7428399042312508,medium
PFE,AMZN,-0.979007755123104,low
PFE,LLY,-0.4216068210230055,low
PFE,MSFT,0.817100969949885,high
PFE,CMCSA,0.3971170731482584,low
PFE,NFLX,-0.46012473854257396,low
PFE,VZ,0.19353398394343935,low
PFE,TMO,0.4530233632273077,low
PFE,GOOG,0.6032964420928095,medium
PFE,QCOM,0.9892240217242528,high
PFE,MCD,-0.9922117436097115,low
PFE,ABBV,0.8150909072553123,high
PFE,UNH,0.2264609918216198,low
PFE,KO,-0.6500032293400633,low
PFE,ADBE,0.8768579852253109,high
PFE,XOM,-0.9145150277441678,low
PFE,GE,0.9869011234525938,high
CVX,ORCL,0.9995915705707079,high
CVX,TXN,0.7628380821786954,medium
CVX,NKE,0.9104647512532373,high
CVX,MRK,-0.6636221240543381,low
CVX,COST,-0.12586264531265548,low
CVX,WMT,0.9837127525897179,high
CVX,CRM,0.5543426819201426,medium
CVX,BAC,0.8059927863179562,high
CVX,V,0.1052316074737436,low
CVX,IBM,0.9792582691366377,high
CVX,INTC,0.9876348757437926,high
CVX,AVGO,0.32885267607301977,low
CVX,MMM,0.2050570880833043,low
CVX,CSCO,0.9443850705983959,high
CVX,JNJ,0.11519530589379857,low
CVX,DIS,0.9785050628246243,high
CVX,NVDA,-0.5027144355067417,low
CVX,GOOGL,0.41744969257380654,low
CVX,JPM,0.9983691018673646,high
CVX,AMZN,-0.8335174104791424,low
CVX,LLY,0.34796274201793087,low
CVX,MSFT,0.9845201129423735,high
CVX,CMCSA,0.9316716254137718,high
CVX,NFLX,0.3074176589427599,low
CVX,VZ,0.8334803129245255,high
CVX,TMO,0.9523247835212283,high
CVX,GOOG,0.9912275089786176,high
CVX,QCOM,0.5917633440934341,medium
CVX,MCD,-0.7864681442411656,low
CVX,ABBV,0.9851237745702678,high
CVX,UNH,0.8516138503649288,high
CVX,KO,0.08292973311394147,low
CVX,ADBE,0.9584995582054253,high
CVX,XOM,-0.3557287745786028,low
CVX,GE,0.80886364976722,high
ORCL,TXN,0.7440483937624278,medium
ORCL,NKE,0.8982734833421108,high
ORCL,MRK,-0.6847292360743382,low
ORCL,COST,-0.15416180356954673,low
ORCL,WMT,0.9884477723343228,high
ORCL,CRM,0.5779012673592485,medium
ORCL,BAC,0.8225795340222032,high
ORCL,V,0.07676947494251779,low
ORCL,IBM,0.9730679868638347,high
ORCL,INTC,0.9827513037403838,high
ORCL,AVGO,0.30173000191241406,low
ORCL,MMM,0.17700279075083086,low
ORCL,CSCO,0.9346017767010573,high
ORCL,JNJ,0.08676067892132217,low
ORCL,DIS,0.9839988114294117,high
ORCL,NVDA,-0.5272132850148087,low
ORCL,GOOGL,0.44324786382055525,low
ORCL,JPM,0.999592813582369,high
ORCL,AMZN,-0.8489660308085526,low
ORCL,LLY,0.3210286744871102,low
ORCL,MSFT,0.9891268880471656,high
ORCL,CMCSA,0.9209087367560082,high
ORCL,NFLX,0.2800981663022299,low
ORCL,VZ,0.8173492423641268,high
ORCL,TMO,0.943217130096502,high
ORCL,GOOG,0.9870456269615824,high
ORCL,QCOM,0.6145585703603502,medium
ORCL,MCD,-0.8037974732408015,low
ORCL,ABBV,0.9896324142338208,high
ORCL,UNH,0.836286397264034,high
ORCL,KO,0.05441647708913609,low
ORCL,ADBE,0.9662554454353366,high
ORCL,XOM,-0.3822920114773377,low
ORCL,GE,0.8253369397407532,high
TXN,NKE,0.9619580105646247,high
TXN,MRK,-0.02254329296635195,low
TXN,COST,0.545434853331734,medium
TXN,WMT,0.6341905906207207,medium
TXN,CRM,-0.11527536448593155,low
TXN,BAC,0.2321092345661279,low
TXN,V,0.7232742056506728,medium
TXN,IBM,0.8780248886742398,high
TXN,INTC,0.8547724109181956,high
TXN,AVGO,0.8614883930219057,high
TXN,MMM,0.7892748979177453,medium
TXN,CSCO,0.9330384817283546,high
TXN,JNJ,0.7301604912790537,medium
TXN,DIS,0.613099417711707,medium
TXN,NVDA,0.17545627337287603,low
TXN,GOOGL,-0.26910943401043524,low
TXN,JPM,0.724680918542251,medium
TXN,AMZN,-0.2786024928640033,low
TXN,LLY,0.8716223514628897,high
TXN,MSFT,0.6377006231252694,medium
TXN,CMCSA,0.9456215555637119,high
TXN,NFLX,0.8497881558208891,high
TXN,VZ,0.9930830385768769,high
TXN,TMO,0.9237350759165311,high
TXN,GOOG,0.8416036732206085,high
TXN,QCOM,-0.06980382445776095,low
TXN,MCD,-0.20059419528848502,low
TXN,ABBV,0.6403759110790233,medium
TXN,UNH,0.9885661174447168,high
TXN,KO,0.7076242752347216,medium
TXN,ADBE,0.5468411512831913,medium
TXN,XOM,0.3329321872494453,low
TXN,GE,0.2368397548446364,low
NKE,MRK,-0.29481361174898796,low
NKE,COST,0.29570419712515367,low
NKE,WMT,0.8212945507887468,high
NKE,CRM,0.16048602879108922,low
NKE,BAC,0.4890155821311253,low
NKE,V,0.5071000026025569,medium
NKE,IBM,0.9753794127642826,high
NKE,INTC,0.964045409338681,high
NKE,AVGO,0.689992263772086,medium
NKE,MMM,0.5914952135957927,medium
NKE,CSCO,0.9958338474268577,high
NKE,JNJ,0.5157146357430409,medium
NKE,DIS,0.8056033679324297,high
NKE,NVDA,-0.10017772223987119,low
NKE,GOOGL,0.004247005446178846,low
NKE,JPM,0.8853686897053284,high
NKE,AMZN,-0.5303844005250548,low
NKE,LLY,0.704548776731054,medium
NKE,MSFT,0.8238808458189706,high
NKE,CMCSA,0.9985108350660911,high
NKE,NFLX,0.6734515515983726,medium
NKE,VZ,0.9873814126247269,high
NKE,TMO,0.9932376777317715,high
NKE,GOOG,0.9571400757969025,high
NKE,QCOM,0.2053825907895991,low
NKE,MCD,-0.4606076373809509,low
NKE,ABBV,0.8258471352135954,high
NKE,UNH,0.9921539854756035,high
NKE,KO,0.48766663072591043,low
NKE,ADBE,0.7547689768005036,medium
NKE,XOM,0.06265514295842543,low
NKE,GE,0.49325442631744776,low
MRK,COST,0.8256443208272521,high
MRK,WMT,-0.7872770102692082,low
MRK,CRM,-0.9904824500774821,low
MRK,BAC,-0.9776750406616785,low
MRK,V,0.674080472220092,medium
MRK,IBM,-0.49828691636275607,low
MRK,INTC,-0.5381405005414723,low
MRK,AVGO,0.48822743502565746,low
MRK,MMM,0.5960911086645608,medium
MRK,CSCO,-0.38071891467847446,low
MRK,JNJ,0.666641817231696,medium
MRK,DIS,-0.8036262757987612,low
MRK,NVDA,0.9802816727761092,high
MRK,GOOGL,-0.9567982355763499,low
MRK,JPM,-0.7052461613263371,low
MRK,AMZN,0.9664430502664827,high
MRK,LLY,0.47040419674252976,low
MRK,MSFT,-0.7844644259076721,low
MRK,CMCSA,-0.3465036875426282,low
MRK,NFLX,0.5078333766634134,medium
MRK,VZ,-0.13977165556826257,low
MRK,TMO,-0.40375868505775925,low
MRK,GOOG,-0.5589308624949455,low
MRK,QCOM,-0.995733617555971,low
MRK,MCD,0.9839475065812099,high
MRK,ABBV,-0.7823026387787994,low
MRK,UNH,-0.1730352502937267,low
MRK,KO,0.6904571597087961,medium
MRK,ADBE,-0.8493512110181974,low
MRK,XOM,0.9352057500444217,high
MRK,GE,-0.9766409738650453,low
COST,WMT,-0.3021309354781954,low
COST,CRM,-0.8954409359109002,low
COST,BAC,-0.6886625599990304,low
COST,V,0.9732948430131999,high
COST,IBM,0.0777526932722199,low
COST,INTC,0.031218619458309078,low
COST,AVGO,0.8954809433868806,high
COST,MMM,0.9451576511016492,high
COST,CSCO,0.20736380353052558,low
COST,JNJ,0.9709446933286734,high
COST,DIS,-0.32774008253674114,low
COST,NVDA,0.9208511047303257,high
COST,GOOGL,-0.9540150822019029,low
COST,JPM,-0.18229223410690437,low
COST,AMZN,0.6530082934793217,medium
COST,LLY,0.8862574827298518,high
COST,MSFT,-0.29779212754818196,low
COST,CMCSA,0.24314975739359682,low
COST,NFLX,0.9053150574486196,high
COST,VZ,0.44325106829448846,low
COST,TMO,0.1827978051876903,low
COST,GOOG,0.006357109569763182,low
COST,QCOM,-0.8741821838359781,low
COST,MCD,0.7117062043590613,medium
COST,ABBV,-0.29447000112755417,low
COST,UNH,0.4128149383164187,low
COST,KO,0.9781927115879513,high
COST,ADBE,-0.40346614457271984,low
COST,XOM,0.971930045021844,high
COST,GE,-0.6851260379939441,low
WMT,CRM,0.6949158785113755,medium
WMT,BAC,0.899262578779458,high
WMT,V,-0.0752319776751632,low
WMT,IBM,0.9268890965483781,high
WMT,INTC,0.9433696841849782,high
WMT,AVGO,0.1537462563171157,low
WMT,MMM,0.02578925015305371,low
WMT,CSCO,0.8698951189203017,high
WMT,JNJ,-0.06523196113704947,low
WMT,DIS,0.9996359734774882,high
WMT,NVDA,-0.6499099204930853,low
WMT,GOOGL,0.5739872889059076,medium
WMT,JPM,0.9923700037945878,high
WMT,AMZN,-0.9192510631380089,low
WMT,LLY,0.1737804546230486,low
WMT,MSFT,0.9999896567107465,high
WMT,CMCSA,0.8511946649208799,high
WMT,NFLX,0.1313673506933368,low
WMT,VZ,0.7205857966852148,medium
WMT,TMO,0.8819755287319738,high
WMT,GOOG,0.9513264941482925,high
WMT,QCOM,0.7270218458882618,medium
WMT,MCD,-0.8846764402323786,low
WMT,ABBV,0.9999677887359046,high
WMT,UNH,0.7435251333619066,medium
WMT,KO,-0.097549462196833,low
WMT,ADBE,0.9941332199864062,high
WMT,XOM,-0.5179251578456481,low
WMT,GE,0.9013804368920822,high
CRM,BAC,0.9394488859308248,high
CRM,V,-0.7693330729928676,low
CRM,IBM,0.37420968547972516,low
CRM,INTC,0.41700891500294596,low
CRM,AVGO,-0.603700592112309,low
CRM,MMM,-0.7009305109149065,low
CRM,CSCO,0.24982181084935165,low
CRM,JNJ,-0.7628901919111613,low
CRM,DIS,0.7140639886506948,medium
CRM,NVDA,-0.9981500001522833,low
CRM,GOOGL,0.9877107953790036,high
CRM,JPM,0.600952997701769,medium
CRM,AMZN,-0.9218880207234496,low
CRM,LLY,-0.5873868539774137,low
CRM,MSFT,0.6916380934012031,medium
CRM,CMCSA,0.21409367460541676,low
CRM,NFLX,-0.6215699635134191,low
CRM,VZ,0.0021533906192167268,low
CRM,TMO,0.2739946436234672,low
CRM,GOOG,0.4394789228430333,low
CRM,QCOM,0.9989572350681525,high
CRM,MCD,-0.9500199243496598,low
CRM,ABBV,0.6891218540370854,medium
CRM,UNH,0.03582549810617997,low
CRM,KO,-0.7834501321063864,low
CRM,ADBE,0.7686176926303006,medium
CRM,XOM,-0.9750435403629105,low
CRM,GE,0.9377701815956884,high
BAC,V,-0.5038229174780496,low
BAC,IBM,0.6693415543561928,medium
BAC,INTC,0.7032294667321206,medium
BAC,AVGO,-0.29395031524147486,low
BAC,MMM,-0.4140724180093782,low
BAC,CSCO,0.5665178364053605,medium
BAC,JNJ,-0.49513824276942925,low
BAC,DIS,0.9107365248076169,high
BAC,NVDA,-0.916875587879197,low
BAC,GOOGL,0.8743440337815607,high
BAC,JPM,0.8384706302569651,high
BAC,AMZN,-0.9988437496815372,low
BAC,LLY,-0.27447951243274976,low
BAC,MSFT,0.8972638361435366,high
BAC,CMCSA,0.5358732371364906,medium
BAC,NFLX,-0.3154847703232326,low
BAC,VZ,0.34471126424242776,low
BAC,TMO,0.5869787281269967,medium
BAC,GOOG,0.7206894256964206,medium
BAC,QCOM,0.9541149687774064,high
BAC,MCD,-0.9994790081764886,low
BAC,ABBV,0.8957228349055594,high
BAC,UNH,0.37612529710906056,low
BAC,KO,-0.5230456426219928,low
BAC,ADBE,0.9412981057579101,high
BAC,XOM,-0.8399218931256986,low
BAC,GE,0.9999881601504262,high
V,IBM,0.3045399424337029,low
V,INTC,0.25983162495534506,low
V,AVGO,0.9737434813587792,high
V,MMM,0.9948942274060872,high
V,CSCO,0.4263950064880589,low
V,JNJ,0.9999497519785421,high
V,DIS,-0.10210813391309663,low
V,NVDA,0.806751428504413,high
V,GOOGL,-0.8597257948087652,low
V,JPM,0.048288110661612905,low
V,AMZN,0.46171322881997834,low
V,LLY,0.9689197517845711,high
V,MSFT,-0.07069585067941164,low
V,CMCSA,0.45932566202922265,low
V,NFLX,0.9786413508887462,high
V,VZ,0.6371897312365911,medium
V,TMO,0.4036068152390386,low
V,GOOG,0.23574129841185051,low
V,QCOM,-0.7393637950271501,low
V,MCD,0.5314402891966015,medium
V,ABBV,-0.06722600048359477,low
V,UNH,0.6108760450074636,medium
V,KO,0.9997490920921936,high
V,ADBE,-0.18264664898543495,low
V,XOM,0.8919662427669266,high
V,GE,-0.4996135253368303,low
IBM,INTC,0.9989140644332409,high
IBM,AVGO,0.5133784480980784,medium
IBM,MMM,0.3991142593363826,low
IBM,CSCO,0.9914254708319813,high
IBM,JNJ,0.3140731104243679,low
IBM,DIS,0.9164251364885863,high
IBM,NVDA,-0.31713535426332035,low
IBM,GOOGL,0.22467389957787393,low
IBM,JPM,0.9660940850164043,high
IBM,AMZN,-0.7042848577720557,low
IBM,LLY,0.5306995842823558,medium
IBM,MSFT,0.9285866239411457,high
IBM,CMCSA,0.9859578397148809,high
IBM,NFLX,0.49384553851995927,low
IBM,VZ,0.9281477865119445,high
IBM,TMO,0.9943872363418473,high
IBM,GOOG,0.9974468139394534,high
IBM,QCOM,0.41615801310088824,low
IBM,MCD,-0.6450135445168818,low
IBM,ABBV,0.929871794135703,high
IBM,UNH,0.9401550668153703,high
IBM,KO,0.2831276924601891,low
IBM,ADBE,0.880854010353756,high
IBM,XOM,-0.15898761415754412,low
IBM,GE,0.6729489700400078,medium
INTC,AVGO,0.47283858228223846,low
INTC,MMM,0.3559617925517197,low
INTC,CSCO,0.9842606838059332,high
INTC,JNJ,0.26949890735902887,low
INTC,DIS,0.9340758366787716,high
INTC,NVDA,-0.360976652350682,low
INTC,GOOGL,0.2698294656522502,low
INTC,JPM,0.9770742307905116,high
INTC,AMZN,-0.7365955914428839,low
INTC,LLY,0.49063487828138763,low
INTC,MSFT,0.944868774368165,high
INTC,CMCSA,0.9771067684242738,high
INTC,NFLX,0.4527963409896653,low
INTC,VZ,0.9097982713959875,high
INTC,TMO,0.9883780168664207,high
INTC,GOOG,0.9996908435189137,high
INTC,QCOM,0.4580706434801329,low
INTC,MCD,-0.6799163577004981,low
INTC,ABBV,0.9460019685462399,high
INTC,UNH,0.9232584876621013,high
INTC,KO,0.23813593683350218,low
INTC,ADBE,0.9019529312689217,high
INTC,XOM,-0.20481304169809747,low
INTC,GE,0.7066808034199223,medium
AVGO,MMM,0.9917467197071251,high
AVGO,CSCO,0.6211154523227745,medium
AVGO,JNJ,0.9759766436353431,high
AVGO,DIS,0.12703106864393648,low
AVGO,NVDA,0.651053771421403,medium
AVGO,GOOGL,-0.7208798132624384,low
AVGO,JPM,0.27440271513647074,low
AVGO,AMZN,0.24765977145814397,low
AVGO,LLY,0.9997937845015661,high
AVGO,MSFT,0.1582388274589346,low
AVGO,CMCSA,0.6494778298115567,medium
AVGO,NFLX,0.9997443971535144,high
AVGO,VZ,0.7959092842605449,medium
AVGO,TMO,0.6012921078989898,medium
AVGO,GOOG,0.45078353050895725,low
AVGO,QCOM,-0.5666738456712943,low
AVGO,MCD,0.3246468244435381,low
AVGO,ABBV,0.16167217409360393,low
AVGO,UNH,0.7750715003265346,medium
AVGO,KO,0.9683998814825747,high
AVGO,ADBE,0.04596770746701667,low
AVGO,XOM,0.7656261770816609,medium
AVGO,GE,-0.2892956539522918,low
MMM,CSCO,0.5155066336624923,medium
MMM,JNJ,0.9958559544497678,high
MMM,DIS,-0.0011911667264521,low
MMM,NVDA,0.7429977790340077,medium
MMM,GOOGL,-0.8037891542348043,low
MMM,JPM,0.1488469511703439,low
MMM,AMZN,0.36983406585973794,low
MMM,LLY,0.9889385501213441,high
MMM,MSFT,0.03033570896021181,low
MMM,CMCSA,0.5466272222653579,medium
MMM,NFLX,0.9943919075297486,high
MMM,VZ,0.711718538697541,medium
MMM,TMO,0.49388393693389027,low
MMM,GOOG,0.33261634487714864,low
MMM,QCOM,-0.6676366133176181,low
MMM,MCD,0.44323532882862576,low
MMM,ABBV,0.03381204985088641,low
MMM,UNH,0.6876605348308412,medium
MMM,KO,0.9923839387580934,high
MMM,ADBE,-0.08248864213821093,low
MMM,XOM,0.8417845209199735,high
MMM,GE,-0.4096381185114651,low
CSCO,JNJ,0.43544124441076376,low
CSCO,DIS,0.8562709255835764,high
CSCO,NVDA,-0.19048799754300016,low
CSCO,GOOGL,0.09541482784837718,low
CSCO,JPM,0.9240716834855022,high
CSCO,AMZN,-0.6054786194692682,low
CSCO,LLY,0.6369026264850116,medium
CSCO,MSFT,0.8721294795711407,high
CSCO,CMCSA,0.999325443807503,high
CSCO,NFLX,0.6032380484522979,medium
CSCO,VZ,0.9688275462167398,high
CSCO,TMO,0.9996863162792178,high
CSCO,GOOG,0.9795623644228111,high
CSCO,QCOM,0.2937693419662842,low
CSCO,MCD,-0.5396260212645683,low
CSCO,ABBV,0.8738259645156304,high
CSCO,UNH,0.9766202336343608,high
CSCO,KO,0.40602653454088583,low
CSCO,ADBE,0.8114418835982146,high
CSCO,XOM,-0.028613066771518817,low
CSCO,GE,0.5705210894034912,medium
JNJ,DIS,-0.09213075341031389,low
JNJ,NVDA,0.8007874183681019,high
JNJ,GOOGL,-0.854562448747993,low
JNJ,JPM,0.05829863554944493,low
JNJ,AMZN,0.45279787481307165,low
JNJ,LLY,0.9713509146847138,high
JNJ,MSFT,-0.06069273530401957,low
JNJ,CMCSA,0.46820715307663663,low
JNJ,NFLX,0.9806529932292439,high
JNJ,VZ,0.6448837779802217,medium
JNJ,TMO,0.4127584091177546,low
JNJ,GOOG,0.2454715622657385,low
JNJ,QCOM,-0.7325769879187879,low
JNJ,MCD,0.5229217506923859,medium
JNJ,ABBV,-0.057220654995406545,low
JNJ,UNH,0.6187821247269414,medium
JNJ,KO,0.9994743062159307,high
JNJ,ADBE,-0.17278145417785054,low
JNJ,XOM,0.8873892608962345,high
JNJ,GE,-0.49090458739124876,low
DIS,NVDA,-0.6701784413101208,low
DIS,GOOGL,0.595871300626453,medium
DIS,JPM,0.9886822424265448,high
DIS,AMZN,-0.9295376973710231,low
DIS,LLY,0.14714770791343543,low
DIS,MSFT,0.9995029224735256,high
DIS,CMCSA,0.8367243501433391,high
DIS,NFLX,0.10457334232745884,low
DIS,VZ,0.7016164738400636,medium
DIS,TMO,0.8689389205847329,high
DIS,GOOG,0.9426653580894271,high
DIS,QCOM,0.7452820468775659,medium
DIS,MCD,-0.8969326208613713,low
DIS,ABBV,0.9993872243476426,high
DIS,UNH,0.7252127273120863,medium
DIS,KO,-0.12436527769011325,low
DIS,ADBE,0.9966895554475166,high
DIS,XOM,-0.5408160131436353,low
DIS,GE,0.9127354088315093,high
NVDA,GOOGL,-0.9953860414476956,low
NVDA,JPM,-0.5512451582320094,low
NVDA,AMZN,0.896625377815927,high
NVDA,LLY,0.6355055933050678,medium
NVDA,MSFT,-0.6464464860349177,low
NVDA,CMCSA,-0.15430786730779292,low
NVDA,NFLX,0.6680478607346052,medium
NVDA,VZ,0.0586499357040814,low
NVDA,TMO,-0.21501499225037882,low
NVDA,GOOG,-0.3840525743785938,low
NVDA,QCOM,-0.994333321647077,low
NVDA,MCD,0.9292814409629859,high
NVDA,ABBV,-0.6437889078533161,low
NVDA,UNH,0.025001233005553885,low
NVDA,KO,0.8197848716464483,high
NVDA,ADBE,-0.7283018094306537,low
NVDA,XOM,0.986738029817721,high
NVDA,GE,-0.9149222902037256,low
GOOGL,JPM,0.468645511813078,low
GOOGL,AMZN,-0.8500021691976839,low
GOOGL,LLY,-0.7066569426220959,low
GOOGL,MSFT,0.5702569624430772,medium
GOOGL,CMCSA,0.058793944608717404,low
GOOGL,NFLX,-0.736364543518212,low
GOOGL,VZ,-0.1541653356663161,low
GOOGL,TMO,0.12031597061863632,low
GOOGL,GOOG,0.2936877722498785,low
GOOGL,QCOM,0.9795451967392915,high
GOOGL,MCD,-0.8895520537780168,low
GOOGL,ABBV,0.5673963503063529,medium
GOOGL,UNH,-0.12080706360745068,low
GOOGL,KO,-0.8709509328819031,low
GOOGL,ADBE,0.6591902866546389,medium
GOOGL,XOM,-0.9977601388000753,low
GOOGL,GE,0.8719720997571,high
JPM,AMZN,-0.863699227683562,low
JPM,LLY,0.2938739788764016,low
JPM,MSFT,0.9929205166507777,high
JPM,CMCSA,0.9094117000036132,high
JPM,NFLX,0.25259199052769515,low
JPM,VZ,0.8005765973799573,high
JPM,TMO,0.9333546271984586,high
JPM,GOOG,0.9820656757950366,high
JPM,QCOM,0.6368182282984858,medium
JPM,MCD,-0.8204453274233697,low
JPM,ABBV,0.9933276448111292,high
JPM,UNH,0.8203007125271584,high
JPM,KO,0.025902284711535887,low
JPM,ADBE,0.9732120315837798,high
JPM,XOM,-0.4085032389276301,low
JPM,GE,0.8411125037203363,high
AMZN,LLY,0.22793398351484587,low
AMZN,MSFT,-0.9174510419232029,low
AMZN,CMCSA,-0.5758429135958851,low
AMZN,NFLX,0.26950056398773126,low
AMZN,VZ,-0.38944070648243756,low
AMZN,TMO,-0.6252213141553634,low
AMZN,GOOG,-0.7531842079077878,low
AMZN,QCOM,-0.938616300433541,low
AMZN,MCD,0.9967717264453705,high
AMZN,ABBV,-0.9160617249895946,low
AMZN,UNH,-0.42023479387933343,low
AMZN,KO,0.48146669521567664,low
AMZN,ADBE,-0.9564385714131851,low
AMZN,XOM,0.8128603162397867,high
AMZN,GE,-0.999065862269412,low
LLY,MSFT,0.1782576913652484,low
LLY,CMCSA,0.6647852110987823,medium
LLY,NFLX,0.9990791173943723,high
LLY,VZ,0.808039548114606,high
LLY,TMO,0.6173942796898456,medium
LLY,GOOG,0.4688175889834191,low
LLY,QCOM,-0.5498249058985332,low
LLY,MCD,0.3053724683060977,low
LLY,ABBV,0.18167903205869496,low
LLY,UNH,0.7877433458091541,medium
LLY,KO,0.9631354759646898,high
LLY,ADBE,0.06624411204343654,low
LLY,XOM,0.7524048640829015,medium
LLY,GE,-0.269796992970549,low
MSFT,CMCSA,0.8535730041532081,high
MSFT,NFLX,0.13587481407571858,low
MSFT,VZ,0.7237319362615462,medium
MSFT,TMO,0.8841099690831747,high
MSFT,GOOG,0.9527183524359512,high
MSFT,QCOM,0.7238914405147739,medium
MSFT,MCD,-0.8825468759269998,low
MSFT,ABBV,0.99999395130449,high
MSFT,UNH,0.7465588861504984,medium
MSFT,KO,-0.0930219069395809,low
MSFT,ADBE,0.9936309882500008,high
MSFT,XOM,-0.5140291198043109,low
MSFT,GE,0.8994015988132456,high
CMCSA,NFLX,0.6321208240309709,medium
CMCSA,VZ,0.9772718963885568,high
CMCSA,TMO,0.9980922048590325,high
CMCSA,GOOG,0.971514889941579,high
CMCSA,QCOM,0.2584675079450935,low
CMCSA,MCD,-0.5083438404895118,low
CMCSA,ABBV,0.8553798513017832,high
CMCSA,UNH,0.983856091758604,high
CMCSA,KO,0.4393133532465802,low
CMCSA,ADBE,0.7894317573802356,medium
CMCSA,XOM,0.008115268700015072,low
CMCSA,GE,0.5399753878014263,medium
NFLX,VZ,0.7820183546003079,medium
NFLX,TMO,0.5830736314273733,medium
NFLX,GOOG,0.4304872862170801,low
NFLX,QCOM,-0.5851570282165077,low
NFLX,MCD,0.34594767963365436,low
NFLX,ABBV,0.13931986125864385,low
NFLX,UNH,0.7605877316053496,medium
NFLX,KO,0.973790953394237,high
NFLX,ADBE,0.023371443269338005,low
NFLX,XOM,0.7799741510885956,medium
NFLX,GE,-0.31086338223985643,low
VZ,TMO,0.962319005461829,high
VZ,GOOG,0.899197189383824,high
VZ,QCOM,0.04780673449278715,low
VZ,MCD,-0.3142343150289496,low
VZ,ABBV,0.7261277474472724,medium
VZ,UNH,0.999432890031404,high
VZ,KO,0.6197661417977453,medium
VZ,ADBE,0.6413620552683559,medium
VZ,XOM,0.21991356133138526,low
VZ,GE,0.34927509437320453,low
TMO,GOOG,0.9842927283930548,high
TMO,QCOM,0.31761743896957245,low
TMO,MCD,-0.5605425421000826,low
TMO,ABBV,0.8857298758277937,high
TMO,UNH,0.9709298394042213,high
TMO,KO,0.3830112041743918,low
TMO,ADBE,0.8258246735035991,high
TMO,XOM,-0.053639176581960775,low
TMO,GE,0.5909114367931017,medium
GOOG,QCOM,0.4800310103588802,low
GOOG,MCD,-0.6979386552243034,low
GOOG,ABBV,0.9537694347573612,high
GOOG,UNH,0.9134208298050788,high
GOOG,KO,0.2139136289516474,low
GOOG,ADBE,0.9124112064135964,high
GOOG,XOM,-0.2290866114026597,low
GOOG,GE,0.7240544007960633,medium
QCOM,MCD,-0.9632824952685097,low
QCOM,ABBV,0.7214874550592113,medium
QCOM,UNH,0.08141452756134557,low
QCOM,KO,-0.7542602333842512,low
QCOM,ADBE,0.7970225369851656,medium
QCOM,XOM,-0.9638906081595533,low
QCOM,GE,0.9526465452982588,high
MCD,ABBV,-0.8809060382723121,low
MCD,UNH,-0.3460238053288801,low
MCD,KO,0.5502817565585569,medium
MCD,ADBE,-0.9299122250784367,low
MCD,XOM,0.8570004864194231,high
MCD,GE,-0.9993101162711138,low
ABBV,UNH,0.7488684343742693,medium
ABBV,KO,-0.08955830008055943,low
ABBV,ADBE,0.9932330524936532,high
ABBV,XOM,-0.511042569693446,low
ABBV,GE,0.8978757891324198,high
UNH,KO,0.592988229506003,medium
UNH,ADBE,0.6668338621243283,medium
UNH,XOM,0.1869397858718395,low
UNH,GE,0.3806296802880799,low
KO,ADBE,-0.2046238659403073,low
KO,XOM,0.9018694542207719,high
KO,GE,-0.5188919949196916,low
ADBE,XOM,-0.6074116700037988,low
ADBE,GE,0.9429296636561231,high
XOM,GE,-0.837271045466894,low
