Date,MSFT_PE,MSFT_ROE,AAPL_PE,AAPL_ROE,NVDA_PE,NVDA_ROE,AMZN_PE,AMZN_ROE,GOOGL_PE,GOOGL_ROE,GOOG_PE,GOOG_ROE,META_PE,META_ROE,BRK-B_PE,BRK-B_ROE,LLY_PE,LLY_ROE,TSLA_PE,TSLA_ROE,V_PE,V_ROE,JPM_PE,JPM_ROE,XOM_PE,XOM_ROE,JNJ_PE,JNJ_ROE,WMT_PE,WMT_ROE,PG_PE,PG_ROE,MA_PE,MA_ROE,HD_PE,HD_ROE,CVX_PE,CVX_ROE,MRK_PE,MRK_ROE,ABBV_PE,ABBV_ROE,KO_PE,KO_ROE,PEP_PE,PEP_ROE,AVGO_PE,AVGO_ROE,COST_PE,COST_ROE,PFE_PE,PFE_ROE,ADBE_PE,ADBE_ROE,CSCO_PE,CSCO_ROE,CMCSA_PE,CMCSA_ROE,NFLX_PE,NFLX_ROE,DIS_PE,DIS_ROE,ACN_PE,ACN_ROE,CRM_PE,CRM_ROE,TMO_PE,TMO_ROE,QCOM_PE,QCOM_ROE,TXN_PE,TXN_ROE,UNH_PE,UNH_ROE,BAC_PE,BAC_ROE,MCD_PE,MCD_ROE,ORCL_PE,ORCL_ROE,INTC_PE,INTC_ROE,SBUX_PE,SBUX_ROE,CAT_PE,CAT_ROE,GE_PE,GE_ROE,NKE_PE,NKE_ROE,AXP_PE,AXP_ROE,IBM_PE,IBM_ROE,MMM_PE,MMM_ROE,VZ_PE,VZ_ROE,FDX_PE,FDX_ROE
2015-03-31,34.15010370275404,0.3199937667720881,37.604529984767225,0.5,44.47757935552085,0.5,32.03253590352591,0.25094765829806526,32.42113625692248,0.3652579751470698,33.77804959879616,0.3623264448110758,27.0836699367905,0.32264663429831636,16.659030334050033,0.09966150031390233,56.23741061078501,0.5,285.71964055178086,0.06772100510042015,34.57579942815186,0.5,14.729824429697848,0.15449837504726202,16.816798108957755,0.11911326444374132,20.699599846279174,0.332898291013032,39.7902728873399,0.2405171012325066,19.992503759065553,0.31713400876491277,37.119901947641424,0.5,24.828137202807817,0.5,22.685028979200318,0.07436740289961297,13.733678078769577,0.3968243812017371,181.49591825721566,0.5,24.34131572175734,0.4525057631520717,29.538137231450293,0.37724960486202314,104.18109690386552,0.27718338322395886,52.32469820998948,0.30533179621132894,14.703182898269667,0.10722477681108047,19.613684719643516,0.5,29.012033813564567,0.2339299810454337,5.0,0.23915187890432246,43.22835442867912,0.43830215422672003,14.787806617640017,0.12156822719976733,20.180137008986133,0.24439339542647145,32.86195548222908,0.11251886378119598,33.710774336723134,0.13515349888091482,33.83607935295142,0.23971833775311283,29.54507446513464,0.30666112436992854,18.21979931961277,0.17934147344147666,14.089929191749636,0.09383650041924192,26.562964249535245,0.1490950781296134,47.662987612680695,0.5,669.8768203827188,0.01,53.63270643961944,0.15242913157390323,29.529558404199197,0.44151591008404706,39.63265043126977,0.4096138759531258,30.444357175114913,0.21436130102006393,25.981792901023027,0.33778534673487126,34.303163959220164,0.28829856899271605,29.840459612363485,0.5,8.847361224368036,0.19895569028953816,17.532368436156,0.1539796292604725
2015-06-30,36.10142348484121,0.3212073298904403,36.532562302910506,0.5,45.89421442999869,0.5,32.075721180884116,0.23982260152443066,31.690083699323772,0.3578051092544505,30.739911873556434,0.35882500141432044,26.940985960650202,0.3352881471343736,15.593683936674653,0.10719101742704563,48.968938270480436,0.5,301.34507846555874,0.06879640317055853,36.385662236170205,0.5,15.7616747062873,0.1492218238604348,17.19825808805317,0.11820562457048396,18.751860431317954,0.3327874770154181,38.535842033375424,0.24649798252435765,20.84601969502615,0.3270104753344727,43.14786228942785,0.5,23.291428669513802,0.5,22.002356213041594,0.07548673773181303,14.000541653633308,0.3889645250668939,182.15464305201652,0.5,25.369933066048386,0.42529105117871524,30.787373403657643,0.38001300620779155,107.7261097877003,0.26508511916569544,48.092071027305195,0.30324464919361316,16.55951395770867,0.10331041080558434,20.96275428671379,0.5,30.872339338262904,0.2207030663732603,5.0,0.24188207878140544,44.72525747567484,0.434419538595295,14.729045169289575,0.12542993182312578,19.358573068457847,0.25270473208526767,35.122268355061834,0.11820002394805447,30.722303326664004,0.13789883670682712,35.308655726088496,0.23670417558234183,29.803825151858035,0.29835473450973665,16.569770905425454,0.1805245408589875,14.88720197517212,0.09639720667824483,27.242618685567006,0.15624740082071664,40.055420842029825,0.5,691.4508367552195,0.01,53.12233894054211,0.15320357915442442,30.1317644887478,0.46454869248905467,41.637824274032425,0.4256680532784394,31.8795491001753,0.21244590897808643,27.100435034771532,0.343558133787955,34.43974819268338,0.307482178351023,26.775363010995576,0.5,8.596830580153586,0.20152011893023405,15.553595426852127,0.14899200442071897
2015-09-30,36.271517171454505,0.3219421251839249,38.502692368838275,0.5,43.835550255239525,0.5,37.531025900004266,0.25286541435219356,30.48949224829308,0.36555533563685916,29.818232369025132,0.34595361671743724,27.508966364587664,0.33333185414297983,15.875901607696688,0.10574162851446127,58.64824046197122,0.5,279.04178608391254,0.06701525586454528,32.33330065146688,0.5,15.367768285832595,0.16229677433474074,17.019682015914675,0.11302285985969522,20.346064186106737,0.33374924665781897,40.661608169581015,0.22773267004928505,20.359276695650177,0.31506502916565177,34.48223617176849,0.5,25.441309536793536,0.5,20.991854613306348,0.07383785715694782,13.238402513335886,0.3786580194135605,171.0341168334567,0.5,25.505460657376002,0.43711672770235893,28.991774584274246,0.37006475735960337,98.50998975935828,0.27803403097566287,53.34131667498676,0.2911249111302243,15.565137014982632,0.10656523210856354,19.227744708708382,0.5,31.333267859982403,0.24592395312120424,5.0,0.24332869623311104,47.83970920406583,0.4354549602690577,13.844638230580047,0.12032035082569612,20.921778711171285,0.26250222846001553,32.21532820951375,0.11098042686899473,36.13505030164944,0.13549049162367927,33.06966820358486,0.23156092328227487,29.396322232403683,0.29976691374529146,17.941955545387774,0.17770997893144894,14.225815613419359,0.09659666484783566,27.600957939444584,0.16160263838485053,46.43156829765373,0.5,638.10754684858,0.01,55.60122077096085,0.14387130027109354,28.742311468257004,0.46943336167351923,37.64134679638385,0.42407205695901473,33.17002828954279,0.21415055217827556,22.56454994842728,0.33650762760370045,39.00534009276202,0.291405964956146,27.42882440938212,0.5,9.02881289960913,0.1883999860661263,15.441878079067934,0.14476504128420292
2015-12-31,32.620373488192016,0.31444280548498155,34.86584145524556,0.5,44.49795507623892,0.5,33.5589800881751,0.2531180046025429,31.856108488877368,0.3493253549765795,26.686741944341488,0.37577764430525923,27.151739919054798,0.31635102876074767,16.394767392816114,0.10204071687472219,52.60709691089417,0.5,330.01368081103055,0.06898634015288323,31.48211928562948,0.5,16.365924877003202,0.16431217555582586,18.321791200359357,0.10940527323585021,17.89200999060209,0.35161720822536724,37.10817956537871,0.23255564822449173,20.182276853742717,0.3194862501741166,36.61000998657616,0.5,24.001109802094785,0.5,20.688842234617194,0.0752704266402553,13.66188215224621,0.3989150418999774,168.30716193842454,0.5,23.084193726589987,0.4337202792904542,30.318127694357884,0.3617712126493852,102.17727453736894,0.2739314658963728,49.32432738972383,0.3028288996892182,15.556303189301499,0.10365105404252646,21.033473426289866,0.5,30.06718569769106,0.21604742864229853,5.0,0.2298955050301817,47.851108630253115,0.4396837142124814,16.999244400499343,0.12381948472813677,22.480025797662687,0.25023327520844285,35.24075548533385,0.1133433654836141,32.48888676977279,0.12823584203825525,32.997954296166434,0.24375414518097618,30.03500015045888,0.32363079269149014,17.691874903840805,0.17993959115307054,15.135838459816968,0.09467831617170074,27.242853483257075,0.14303895515107984,43.71104105332893,0.5,692.1114753481606,0.01,52.43773568001751,0.15335280518306862,28.68026997538424,0.46946745752781466,40.912703694130876,0.4043919163037122,32.70586464252516,0.20372630949051512,24.51183556373317,0.3298725283909842,37.497152050520874,0.29981214282749374,26.70393039020354,0.5,8.628713085760468,0.2005851177958887,18.10512147593465,0.14894042182324926
2016-03-31,37.51237743103496,0.31836578419613676,36.98308060067539,0.5,40.94848421238028,0.5,32.52942935552199,0.24720959417237107,30.677572338863094,0.35503042827961917,31.103282530959724,0.34876788099536693,30.13455516814283,0.3465769657927114,16.72581348999029,0.09864506453154057,49.75309941328601,0.5,303.83031670507586,0.06940826307663167,32.32839578317854,0.5,14.494596068886212,0.16270738227603954,16.28005612919106,0.11361148663943013,20.717765882702825,0.34431338051269883,40.278866682050705,0.24473242440383916,21.92615180071095,0.3116670943395562,35.25800710209888,0.5,22.84706700642762,0.5,20.391345635489476,0.07453158806916518,13.559188990231489,0.40472080601438826,156.8578550858221,0.5,24.004651372420383,0.40801161067830694,30.348903950366182,0.3736639141820969,99.3318305218987,0.2778416845897604,52.237592453462874,0.3048497540463572,15.872058579220461,0.1078003938648415,19.2484722583903,0.5,28.959524351392528,0.24051619871590374,5.0,0.23322136932503165,48.139104409028214,0.4151682272423963,15.792712467496493,0.12589420604319929,20.939372519201406,0.2490464757589482,32.25005640182637,0.11054439242189308,33.610198566044474,0.13229767269026732,35.80212882228569,0.22972026507087365,31.986416843737793,0.30656166251853284,16.122420057219905,0.1826686772956618,15.46624014682023,0.10234999792199452,26.815463955571918,0.15010720264480368,46.690129847434235,0.5,640.9891202386627,0.01,57.89272525894756,0.1457369719413256,30.756474045369707,0.46244153512447905,37.283849955286264,0.4159505240095958,32.095092757353775,0.20784253619233609,25.059247717922513,0.3359634093011707,33.52559806501319,0.31683090793744967,28.01787660373686,0.5,8.666375715235148,0.19831441498541838,17.90136987196456,0.14494884063798383
2016-06-30,37.596630685759,0.31465330987230905,39.809322109191775,0.5,44.82506859589873,0.5,35.612646453220236,0.24030101069885668,28.738076220871935,0.3610622109474393,31.662401937478954,0.36268385087894356,30.207539289673143,0.31979211149607295,17.454914880129596,0.09730044481691634,54.158660243767635,0.5,306.0427796674502,0.06838602933056462,32.52262376034853,0.5,14.590483118168084,0.16787155063827852,16.861784718372718,0.10889932190864887,18.972695236922505,0.31669244281983433,37.72182597216934,0.22778592263761124,21.064765684821374,0.3148669309874029,35.71482877627002,0.5,23.636430037356035,0.5,20.7857382884939,0.07327778643238149,12.4989920431405,0.38567546432803373,181.75392337782617,0.5,25.49689220504589,0.4239043133687152,30.811117882073056,0.37332473817547324,101.87004147492512,0.26325819908058445,49.959472118146444,0.29720291916454333,14.733810122331501,0.1087599400566064,19.247492418607795,0.5,30.07889915213562,0.22577828681440074,5.0,0.24338556338404163,43.056678347827344,0.4123878922733038,15.292328699515904,0.12297434166188631,21.546988850909724,0.2529916557836189,32.24841471890077,0.11216829552127698,33.903709406780926,0.13410749551209372,32.715852920125776,0.2365822574083691,30.010619320638792,0.3112190400673928,17.528778211888294,0.17412221871681152,14.641981698373185,0.09488096415854073,26.336045732197025,0.14789271163143616,44.170149087766625,0.5,679.6311582310996,0.01,53.67223713347212,0.14911607539001032,29.322127077420827,0.4716608112834774,40.472051655875276,0.41631937884954173,32.51630296609029,0.21654880151722844,24.732798619889323,0.33891280783150557,35.96306608006644,0.313509140963513,26.22426170923224,0.5,8.76590064070087,0.2007335799295168,17.08498770335016,0.14050604163340816
2016-09-30,33.77319807848349,0.32585509118368594,38.108552470543394,0.5,46.43848239344908,0.5,33.858431899962234,0.23701582386031717,33.83082421739758,0.36306399876082435,33.2877478860156,0.3545591269593158,30.267487230410342,0.3240256574275119,16.130464159264154,0.10283564514348484,53.57105439834586,0.5,291.4172971838671,0.06751004899915962,30.620165295419866,0.5,15.079376427177632,0.16223138269067364,16.003185834768377,0.11831375333537053,20.449938815250274,0.3475272682085581,38.60692926108045,0.232815813081717,23.703969929026922,0.31913433628354415,35.421402969211336,0.5,22.244352843895843,0.5,22.749133771412623,0.07463450533085579,13.397831582219125,0.38570503251748367,167.27382073937025,0.5,23.11788038090894,0.4046318457866802,29.593457958482702,0.39017742557382973,100.74755394017679,0.2770400681392905,50.61530427601361,0.31108881941061756,15.087160880660631,0.11419571297409917,21.293091129546045,0.5,29.956879207351754,0.22136019675840976,5.0,0.24713652789374407,46.086480357511114,0.42548123805537985,15.699691966318992,0.125270790633137,21.388036359165238,0.24237927910765125,35.67573471176439,0.12059187314960614,31.398001110823625,0.13141503722051784,33.05693755059744,0.22802887369490094,30.263316507079377,0.30423038280031434,17.555090954649025,0.17445459819495093,14.681565772146248,0.10110943543155729,24.83001306851853,0.14139269236434493,48.65795232362662,0.5,728.1757921408686,0.01,51.65473022364431,0.14828938724902985,30.670345569029347,0.4751163968403067,41.46601660110353,0.4393614031001233,32.85992737611662,0.22001376656510124,21.969897239580906,0.3452743877428249,37.25763972777271,0.30251332799019204,28.38644171606241,0.5,9.620468647003227,0.19401144024819883,14.787820366110914,0.14457580196008435
2016-12-31,36.118204978410674,0.3308277798028653,35.89274084850577,0.5,41.601561476176855,0.5,33.504602110162296,0.23818888490647996,30.73163453057315,0.3580694013964052,32.305110476069004,0.3627503388633842,29.786026704518594,0.34003658608240894,14.678998279612074,0.10111318852231252,54.26887925966399,0.5,292.83269297610616,0.06964502125473791,34.40792897719768,0.488496191609616,16.362872151569356,0.165839102468718,17.30170530473683,0.11771129867878485,20.29300095274578,0.33485264440396784,39.147940771235234,0.23849840081450444,23.541665844289717,0.32362870641198177,37.44750707361403,0.5,24.45392101852738,0.5,18.404533402993085,0.07253906121503419,13.906334727446866,0.41538381696418464,176.9033311112972,0.5,23.060484296094724,0.4269732159027425,27.989519273597175,0.3715071743222422,104.31241534018648,0.26580260575389225,51.356973574289505,0.3236965090731859,16.081700827293187,0.10979430673504681,19.493355636486573,0.5,29.931237636696572,0.2327635363149631,5.0,0.2334142070990584,46.87292135476675,0.4326905933698206,14.475571462907668,0.12154056318177486,22.055157177278893,0.26043198007707924,32.66034884734927,0.1118482198303395,32.40386184682632,0.1294091710372629,35.22606494823405,0.2352009405529094,30.707771534937297,0.30807734165173595,17.959800294814357,0.1690354228189511,14.454987573263873,0.10049534649978344,26.69357795903402,0.1438481648324897,48.52533440473182,0.5,680.9843999813116,0.01,54.24519054322503,0.14686647005602552,30.77491136307075,0.45204697331861676,42.13462386915028,0.42051474149102164,35.61872081976162,0.20334451540706705,25.030831975515426,0.34875919893466084,38.68538336429193,0.3061038120895876,25.648965976592773,0.5,9.051123848788684,0.19849859933407124,17.331484765983106,0.14759384340486476
2017-03-31,34.62410021514413,0.3276498003426602,36.67978383175001,0.5,44.227375629266085,0.5,32.18811813894247,0.23950234859345285,31.479634095315298,0.35890324807766716,26.332719687305985,0.35393747208549453,26.49613261574695,0.3407984302172619,15.38402510734299,0.1041752905140693,53.58062377103494,0.5,284.6727787400192,0.07312400062961558,31.559553858610773,0.5,16.593724195450818,0.16987782092685266,16.094220966413697,0.11297187065227954,20.680433657923064,0.3387512442298522,40.06883711038953,0.24858319398001885,22.240242525402536,0.3191473210880049,32.32857478112156,0.5,24.986832706174148,0.5,20.879502940174373,0.07580924176696739,15.099756640664081,0.3935020142241835,178.1587808061875,0.5,23.30720845940655,0.43801944622862676,28.288089196325885,0.38434551373240644,111.92843482555307,0.28495260531750854,51.343085534351374,0.30532825777567996,14.975785041359748,0.10499648633309079,18.883556329089917,0.5,28.117992156665046,0.22127194728050661,5.0,0.2579868119248395,45.1103184767639,0.45626026930947655,14.916954564577892,0.12383644728875208,20.861198596931274,0.250610200850411,31.638654149019928,0.11397733261095333,34.702296956377566,0.13027366066312468,31.511933865944325,0.24666156713330786,30.93473753464779,0.297483717605445,17.820025938466536,0.1762086597034713,14.818540556718407,0.105084460947232,27.355137651225785,0.14926542562544717,46.73380795158297,0.5,704.7778406952297,0.01,53.37348055565231,0.15591924754196673,30.879722435501286,0.46249805573973096,40.01378047625819,0.4336944818437639,31.106540402164057,0.20985272291485238,24.130535848088684,0.3389347314214124,34.5586720686022,0.30090484137521717,28.45113893756399,0.5,8.628962376508026,0.1990900673276042,16.75197430798801,0.14915075295729466
2017-06-30,35.544934025009525,0.32512770397623914,43.31748891647948,0.5,45.75255989868041,0.5,35.05029676079509,0.22823481243626637,32.76510391303166,0.3713347592804713,35.16140986492504,0.34149234621891755,28.15233995372292,0.34177256760990155,16.48722779704062,0.10598883924016153,61.17258650006439,0.5,286.3900280067649,0.0640055611736548,31.988962185154676,0.5,14.773316434984116,0.16055244195719995,17.717893059936436,0.1207101984850989,20.9555483469331,0.33139260506301144,36.773307856838635,0.24033407265860587,19.093282829456374,0.32992946406222373,36.06499118744611,0.5,25.735131288572216,0.5,20.032842230964913,0.07293320419454545,13.895819637471096,0.41531311652634084,167.6651539092768,0.5,23.876558087967894,0.4255221008396185,27.947495666140707,0.3739922891700964,109.43063658941621,0.27992481579549616,49.050703275928434,0.3036171261918362,15.357517733735373,0.10676302143320902,20.259242345049774,0.5,30.857781532843966,0.23165285383967502,5.0,0.24449152934429205,46.183844452268836,0.42826576209297934,15.09933965036635,0.11736241251195435,21.27249146694471,0.24721339850586915,33.943561832619096,0.11733080789246653,35.483609269218434,0.13519691631200578,34.349208679621974,0.23562302272543142,30.145358362070866,0.2942088884148259,17.643338015989926,0.16063211573102648,14.03645351614416,0.09847715698011421,25.99885581283819,0.16054762601020878,44.80866955497862,0.5,722.1073396207742,0.01,54.74965580501475,0.15144782615340174,30.189690146421313,0.4527791983985472,40.5852067028704,0.4168504215064495,35.56195035223759,0.21097027842721763,26.161293577469433,0.33568573965160875,39.10033176964206,0.2790820471265983,27.397555681855,0.5,8.908505371687754,0.19695538704636945,17.01976426815429,0.1591920021803392
2017-09-30,32.996408760108906,0.3230098420593194,34.409852028827004,0.5,42.66472907905031,0.5,34.63518136596023,0.24538613780879004,31.9622830850495,0.34986257687459377,32.210113555424684,0.34173829164872854,27.910645483811052,0.32812217723635057,16.008015868296127,0.10545575506776853,51.477012223117406,0.5,299.0455453481086,0.06832131768378437,31.25024781667278,0.5,16.047803481478887,0.1633242017969175,15.45584166708178,0.11927039938447626,20.363589388018,0.3393067247089438,37.96751374915967,0.23587090980218334,23.679845276100156,0.3043402412953677,37.635119913219505,0.5,25.41841380133611,0.5,22.810567924918796,0.07121460962725458,14.575338029925716,0.38845248381609765,171.57948546170877,0.5,23.905373873358766,0.4089875666995308,28.68038385696455,0.3901462003225375,93.6827478858289,0.26565920006538035,47.890935090379735,0.3014682594752641,13.71833208553637,0.10523668232282582,20.429969539463514,0.5,27.9539553738109,0.2222672495185374,5.0,0.23732071112886993,42.61924964785221,0.4439204456054637,15.474900361563833,0.12242885619656624,21.315166786788822,0.2427580666631802,34.22960851597437,0.11037827816114001,35.660913725339384,0.12642340710123195,34.390653989203344,0.24593176096283634,33.287565022487,0.2989666785599308,18.09507732543363,0.17489272128599806,15.249088011664437,0.09804771413875168,27.503799018920052,0.15339381506410107,47.0596842382446,0.5,642.5631221336209,0.01,52.14725402509605,0.15365171549112258,28.340113238715755,0.47551012964342293,38.61408936988626,0.4205273896551296,32.66844338484395,0.2078901063996854,24.84936671481719,0.3590585783082183,37.63569087418535,0.29034573756154414,28.943405409632298,0.5,8.886833184831474,0.20211432899189125,15.628462292294326,0.15438425405941925
2017-12-31,32.52148648790898,0.3202859431337543,40.258606411759295,0.5,42.81424366314717,0.5,34.922352376375365,0.24584044925555873,34.94716366011792,0.3616682965618127,30.02866220265279,0.3588783568288035,27.387814374782163,0.3299921533740939,17.070082755364492,0.09891901623036016,51.58102923985381,0.5,288.77930854078346,0.06614932859270455,32.064614318784045,0.5,15.479338525683483,0.1539246544367376,16.04539772818596,0.11109429528933194,20.87386669095639,0.3328652467232707,36.48629075451262,0.24199904999039695,20.87843385145529,0.3180787895736444,35.566687804930424,0.5,23.028202800408682,0.5,19.939523659665674,0.07687260640679472,13.411458848871236,0.3897326099129607,174.2708958958876,0.5,24.547587375488337,0.431451184744463,29.247096041851737,0.3650974525417487,99.39206278691395,0.2924751646685253,54.12275828029477,0.3191289979563315,15.475819910533001,0.10624182816681543,21.323896597611476,0.5,28.702966125272226,0.22145330071508668,5.0,0.23063970753920937,46.960531607005045,0.41463069295164745,15.27528841125904,0.12668900727456453,20.04326452861878,0.25400150415616307,35.727348059008705,0.11481497287138452,32.68856065951083,0.1288042071446213,38.063373748784684,0.2237796731030827,32.72105860483218,0.30251102384527295,17.489373255511573,0.1804525862057078,14.23839055486154,0.10055926947398398,25.863077434085902,0.14822519978769036,49.31334782374253,0.5,652.8755983138498,0.01,55.335985778779204,0.14671794848682937,27.859283069058318,0.4800108969403915,37.77545810639532,0.4222940105263444,35.19362888146008,0.2086035690235757,22.82524563903373,0.34171881692872447,37.06199737855495,0.30059385743727746,28.435929983358,0.5,9.0230454164048,0.20864020538606776,16.207639083043738,0.14807498222633209
2018-03-31,32.64984539157893,0.3198322874057126,36.46014708435614,0.5,45.437236655249464,0.5,35.137389782975994,0.2358110475242446,31.45679336580206,0.35057517658787873,32.39801442003403,0.35059345142795767,28.106835044632415,0.34716339005962005,18.076554799684097,0.10228996309163113,47.94321569835162,0.5,296.51664459927105,0.06719900319224724,30.47594657847504,0.5,15.511305070179215,0.15883625791106779,17.828175208091782,0.10965109515512377,19.386896058367228,0.33387783409808164,38.06098764568708,0.235478145334838,21.319571820809397,0.32322778721485124,37.78983630330932,0.5,25.111538506248724,0.5,22.302442773275096,0.07317024559590368,12.597975924896533,0.392122786900612,173.20324604468342,0.5,23.645674499970056,0.4062443069016347,26.62818778170094,0.38072558026404746,104.19186996822447,0.272303579367292,52.33340603807515,0.313457557787266,15.695137941532872,0.10427207783089677,20.48020352542028,0.5,31.38958786950928,0.22101987011283394,5.0,0.2393828422598411,44.49954510084159,0.43166844744202015,16.06813268510111,0.12355226816071133,19.317604597234414,0.25180921176611243,34.313773578980246,0.11331778543718873,31.998908379802316,0.11986784744851747,34.089195173108315,0.24531585705268882,31.43890349062579,0.2847731973991534,18.700697372288367,0.1734714458458344,14.17367029068529,0.09757424027365696,26.230847556451643,0.14669992356381625,46.30062171041609,0.5,670.1662020206716,0.01,51.67491750737583,0.15114397367827156,28.20277859324379,0.4645434740308594,43.04847302174612,0.4432186138465122,32.52313782379215,0.2046770216713934,23.78178188189105,0.3442536253682853,34.66674146284665,0.28903469739644855,28.30466653372327,0.5,8.132546284615005,0.19531703046587431,16.646979538629633,0.1489742931493238
2018-06-30,34.29413988038229,0.3375742019644449,35.2163458091151,0.5,46.039395745579974,0.5,33.32673073367174,0.24952130914381057,31.26632907798687,0.35392589851469447,33.14942871538085,0.34818976376523403,26.394426857952375,0.31637214510245115,16.044107103680282,0.1051444907306641,54.76409555925694,0.5,299.68964627409673,0.0705160909274528,32.19522763796526,0.49547544436918806,15.300256249292401,0.16738673148325056,17.745197568991085,0.11356839786349927,20.652306201884887,0.324388503742349,41.89757974482463,0.23830692362999828,21.231012479536567,0.3323872015147695,32.077233806057336,0.5,23.47471462965192,0.5,18.629986999683606,0.07368388368828264,14.194932727753862,0.4043250327904579,181.94905581509877,0.5,25.284273484479257,0.4544770053619205,28.424563846524055,0.35759463895505994,110.14941778354425,0.2743872378955485,51.66479884415515,0.29626049063622584,14.754656506600593,0.10148084214832497,18.6064107823184,0.5,29.56382843331454,0.21901233154127206,5.0,0.2322620573941573,41.15138189214371,0.42503366294637523,16.433572813612777,0.12089007292337603,20.190536253701122,0.25401762412288537,31.1743077118111,0.11089604474171029,35.341001573164725,0.1321758702151329,34.45360511663166,0.2442680070029182,33.19204788867917,0.29773579475689427,18.012114143217744,0.17965936229511456,14.57763711368483,0.10021517112670111,25.022656985203984,0.1453488337878685,48.491949253590874,0.5,694.1065792500772,0.01,52.34855512262883,0.14515999747985045,30.011647695082953,0.45212382320567956,42.72706319701091,0.4166126392264452,33.35661571340117,0.21500753874007386,25.342793930623458,0.3476067260860289,35.557187966793435,0.2907751978438802,28.444874290721998,0.5,7.678535405299299,0.2110257413140499,16.894101377771726,0.1565497668768929
2018-09-30,35.81447389949423,0.3053218197387481,37.806180422926175,0.5,47.72266621464455,0.5,35.7130357752054,0.2432623797977594,33.196114493732644,0.36520100190592525,28.817080964883388,0.3555004142832541,29.02705865501292,0.32979124616510236,18.21831525650916,0.09942252561826531,53.1906431633158,0.5,310.5892098349849,0.0636035680917381,36.22848594162905,0.5,16.795078131654414,0.15941387352620587,16.1304096905563,0.11784345835899736,21.05708748430531,0.34556294644325486,38.040818139615325,0.24011402111026448,21.007044908609974,0.3225927066424581,33.258177228846954,0.5,25.67670244468288,0.5,22.242219258184015,0.07243343688337515,13.978098972148901,0.4056595240775926,180.01302400264083,0.5,22.369387135496464,0.4216704583270525,28.408835532677017,0.3926144072691158,104.3395621099987,0.2584024130526252,54.64841875259273,0.3034186287918041,14.667993547054998,0.10535271094703594,19.8936360926889,0.5,31.097214513008208,0.23021990267156697,5.0,0.2314457160607717,47.96104310920196,0.4078424572761147,14.19934905725479,0.12705059042714417,22.29775810831108,0.2544182247215207,33.33100297074064,0.11131041724334564,30.947559621033424,0.12372105333706437,34.52850276972045,0.22862933482414635,27.631599722160537,0.3051357490136135,16.965628508992697,0.16489516230319498,15.241784547846477,0.10181334886967015,26.049007478454232,0.15857526656689255,44.80264793044635,0.5,652.2048065239518,0.01,58.70836874699709,0.14550958021606164,30.695311505454942,0.457744684905132,38.11587170689012,0.44071546555307767,31.69943004611354,0.21559765771017236,24.09749644457542,0.3517676711650993,37.88267304271933,0.2879910452109041,27.19584546268152,0.5,8.779519906053919,0.1980685045533447,15.599276763197722,0.14477771987630877
2018-12-31,34.12650145623177,0.32026772121872416,36.76214815641909,0.5,39.907305085887984,0.5,31.708180183788997,0.2538942017871892,30.71547667551275,0.3411930342375548,29.793740121684237,0.3556418877961403,27.87870038355636,0.32448036666754715,16.435561209617294,0.09739733372301675,53.407699695132884,0.5,300.8243510127707,0.06672993786280884,31.963179817213714,0.5,14.655783877805842,0.16425397809352585,18.709882164887794,0.110670776486729,19.142793140534216,0.32924501277574875,39.40863857284576,0.24040413869776606,21.243361258219124,0.3059718658821741,34.00908319450143,0.5,24.351978762980533,0.5,21.67752916885023,0.06869059692647353,15.746508011056752,0.3913546147925397,172.1408024566872,0.5,24.442330805768556,0.43361619805805146,27.69617814237021,0.375942469373734,101.57959841915043,0.2630189533174713,50.38136278768884,0.2955506010100498,14.876156533657593,0.10897142749118718,20.586671612057426,0.5,27.79837563936977,0.22076756434542458,5.0,0.23864919685926783,45.92516649461195,0.45294744727169667,15.272226652076826,0.12085704918949935,21.030853762805993,0.25657724338549753,34.49215666065811,0.11477438423818478,34.11766601344056,0.12867656856974052,32.875263208614115,0.2389392951863466,29.424004468100065,0.28023556438516745,16.534224346273454,0.1716355758491584,13.660748389824315,0.0977797383794527,26.30859133961238,0.15011021847496436,50.87758186419063,0.5,648.2825620343534,0.01,52.376487787621706,0.14495083556126487,29.371467115646244,0.4548428569762289,38.92342825940787,0.4152039321197598,31.85265117938926,0.2090106464414309,27.370918643963698,0.32833705480220193,35.013523753513034,0.2817270325173223,27.159786115127233,0.5,8.350806638385828,0.20263680992856997,16.63466064200006,0.149868168441914
2019-03-31,33.66858285768925,0.3244342077362294,35.66395258030307,0.5,44.15351641707764,0.5,32.10512011406963,0.24249012975664744,31.416714796152544,0.36131239771816687,30.991982974350368,0.3764892096976346,30.755815547613807,0.3181514182690084,15.709789235885646,0.10085412167770329,52.00451403988786,0.5,285.26466382375764,0.07010126983693758,30.870776788852236,0.5,16.56525975093145,0.16418039830882195,17.87574272187178,0.12016417815716042,21.623640836188333,0.3490393441216535,37.172176516720015,0.24305144039036422,20.67883982198566,0.3325910010407639,34.42300233708116,0.5,24.843816240328234,0.5,20.27744169509498,0.07478788814525929,14.251852223535277,0.39071001305178255,170.8927764458857,0.5,23.157836489059775,0.42571553349561014,30.62410449234545,0.36885753546345434,102.12795937732207,0.2615089115525742,53.25367860957781,0.3034415776696135,14.82457011595429,0.10435700018730043,19.351576741503486,0.5,27.92627455183201,0.21607798133718156,5.0,0.24980403965309872,43.43322924218537,0.42277551575628086,14.605843738294427,0.12044326006894575,22.03898332461092,0.2526802509138977,32.42280389840923,0.10932502902819365,34.072883667371364,0.13131769701289955,33.36193624558953,0.23881598102286705,29.553742508485207,0.310429384113752,16.401547121260585,0.17640236758762956,15.581094073933306,0.10037825318991127,24.79329683625258,0.146953483537073,44.456864750545506,0.5,685.0147617780643,0.01,49.9209727969015,0.15385002591362168,32.59517126360428,0.4529258779976112,38.53127202318958,0.4284754155010776,32.26422090703017,0.20744383896872198,24.96448238600892,0.3550698493903229,35.01597118156485,0.2906726312021349,27.185305481373895,0.5,8.973523920956298,0.20222205425191925,17.01959325047129,0.1467703431021911
2019-06-30,33.36537864320935,0.3308004127620963,36.9914458721442,0.5,40.311168308632425,0.5,35.06841692121218,0.2459479468250499,31.4106048791124,0.36780271997985947,30.85788594032138,0.3825011274346052,30.03701703650572,0.3241848972322317,15.775676912832187,0.10542879452678287,50.291769271854356,0.5,254.90828467533078,0.06931824531908448,32.45514922257272,0.5,14.773491263003997,0.15704795615118197,16.639508952376442,0.11183977337493495,21.037258245858705,0.3402052358011762,36.530208513371626,0.22681706781819153,20.78405768610058,0.31179677505827985,37.21534957365232,0.5,24.61416505921864,0.5,21.20764769937802,0.07795435908319814,14.355418218279409,0.39714881688193854,190.24921364023467,0.5,24.88423681121918,0.43667208913336497,26.072738785843246,0.3703422451510391,101.13807335368655,0.2816405610229582,46.60791046656591,0.31160981551393646,14.853032820121626,0.10892074003112154,19.974501812781597,0.5,30.17137178399719,0.2219806858819173,5.0,0.2568835663785712,45.31236353174275,0.4352233947181082,14.231532988174221,0.12279575839961852,20.309169019735904,0.2590470528987398,33.466490296641375,0.11109411583026982,32.829230705167284,0.13097984475678612,33.01443275544275,0.24074777267699277,28.399053798287177,0.2937187581005922,17.907161134083346,0.1707598928228413,13.807030812510726,0.09782643229474836,27.665296301419232,0.14609349089150372,44.516432992193344,0.5,717.7714831589303,0.01,53.75842256912163,0.14974563025062146,30.674467361830743,0.45881288847459417,39.73344064375631,0.4199381661864873,31.69788930040765,0.21512015946379984,24.777786833071588,0.32586908324898645,37.29739180379375,0.30506086398198096,27.5622691653986,0.5,8.82293105462914,0.20348750881335972,16.93806084694799,0.1524288566145109
2019-09-30,34.15598986011334,0.3249556364634471,38.79020454755089,0.5,45.480641057510155,0.5,35.333036607162605,0.24203325130991993,30.80877694521657,0.35749567582860403,35.48611889009403,0.34720048293546063,29.24263501648681,0.32858777303210696,15.546859406955322,0.09999318388180929,55.209930495409075,0.5,303.5971558897908,0.06880333520673722,33.54897284361843,0.5,14.848173694316111,0.16905692943807182,17.5769866498265,0.10808997231745836,20.264045785005358,0.33085082885979233,37.61303767875845,0.23045521983911385,20.144086388158154,0.31146860176035795,33.523477365252404,0.5,22.535505011543083,0.5,21.129676154956602,0.07355792374504895,12.219335476762158,0.39597613030189227,155.1101125406727,0.5,25.947310792289446,0.4154840349875627,26.209099381486237,0.3818881143370454,98.52974183616847,0.2716853881845441,47.222766078646565,0.30307575407961285,14.388379985088454,0.11124037881625097,22.4130974629214,0.5,27.84137290378561,0.21988310290148277,5.0,0.24656537110745919,45.715317122810895,0.40915738365444243,14.164972025825074,0.12000377658980187,18.472913545998097,0.23841007420397078,37.55226116731274,0.10646069052264504,32.12007203305409,0.13077101610718891,28.249145682466317,0.23481344920319552,31.44898982890016,0.32093071996765893,18.30219894296252,0.1794451925131248,15.472850239007771,0.10056703691386884,25.689741099580036,0.15100062379006438,48.30173692486679,0.5,646.0649064390078,0.01,51.75416617395207,0.15012238738357492,29.734554347144975,0.4831638811201766,41.05212334978263,0.43965918589206365,33.513782511989035,0.2077303513610936,21.600255616236815,0.33887232682222596,36.823770170861636,0.2953798170530839,27.846782062420232,0.5,8.492728237821,0.20205155565851837,15.292673305056717,0.14995317494707705
2019-12-31,37.29536165783619,0.3151427492091225,37.20901148313564,0.5,44.082703384769545,0.5,32.70687059258952,0.24171443352502212,32.56991491129815,0.36010106915027373,31.72650180028593,0.33868881402059137,30.961959039819412,0.32197505584548414,15.406854787203468,0.09913279271788587,51.67322948050843,0.5,288.6518149184576,0.0635151666924618,33.731577219796606,0.5,14.475831300144478,0.1698327352804405,17.692113876076526,0.11118032648463325,21.19860333298202,0.33219499280955694,37.10839439582467,0.2333972626851087,20.917448376923613,0.3174425590659987,37.36080186338997,0.5,23.92382006938548,0.5,20.71605439126736,0.07815278468043886,13.319410780809434,0.3970826582549051,177.73690412856737,0.5,23.174499223205007,0.4134934165169295,28.410360692119326,0.3751316692819103,97.65292775454759,0.2637582423745988,53.980717863426214,0.3223685094975862,15.495242693569002,0.10313366753331538,19.97969225288141,0.5,30.856599737094232,0.22415464248955638,5.0,0.23605317828277095,43.11260886550432,0.4299121572847431,15.308133061248457,0.1201789763516512,21.76443751023511,0.2534763987889788,33.47518667439656,0.10941736748701789,35.043994778628395,0.13236514356208842,32.263998740077604,0.22052908836378243,27.614257334098845,0.28316837309044435,18.785458003024505,0.17288792075337123,14.325475579498681,0.10120768770999893,26.456857120268317,0.15595015468475545,49.04311823198164,0.5,652.3593972448174,0.01,53.774425711750915,0.15219834262136211,31.01535741497088,0.4813847645919215,40.459207108508565,0.4144590276105468,32.59453925098099,0.1992925482386064,23.34579309318944,0.3339798340743066,38.521119277279915,0.3033108715254408,25.317880784712006,0.5,8.928615765079755,0.20384576721108116,15.90417659689982,0.145046348302654
2020-03-31,35.34325042374575,0.31552643785448586,38.76910132094254,0.5,45.214513258004935,0.5,32.84261194571711,0.23871608984609083,27.406168422154103,0.3557345642315741,32.00617278159211,0.3550673589334891,30.817828221877786,0.32295264868124957,16.04751831442163,0.109643265017729,53.321001712438196,0.5,317.5151950948635,0.0669908260037907,33.708605679785975,0.5,16.81529460925034,0.17428074055186554,18.362289874841604,0.11531594979015192,19.13856469632169,0.3295033701190012,37.909987298002264,0.23987838111002793,21.875068239942486,0.32357555744756034,31.996776924082273,0.5,24.297351408140017,0.5,19.923844045632794,0.07402947805639341,13.643657652531855,0.38937108875799464,178.48620759172465,0.5,23.72947919561211,0.42105334420893153,29.80648435352209,0.3773508324488063,98.76185820640775,0.2740734796191432,51.91632507813255,0.31712551716785575,15.99583886399117,0.10724225684943164,21.324614313601117,0.5,32.836054669708474,0.2205989849274463,5.0,0.24285861922961585,44.11392764249018,0.4432470278245683,16.053613554525967,0.1255861997525108,22.5772326215438,0.24560354616437324,35.72855056385354,0.1074266890812247,34.36822353380729,0.13300374575390744,31.247464309838787,0.2294358312277403,30.66230829933024,0.2921498968743638,17.08565364714521,0.16337587062128553,14.625032871128981,0.09914648158678303,26.927652045561267,0.15416317961355003,49.74759524069433,0.5,723.7736527882672,0.01,51.8970846291974,0.14560909036415295,30.20157732458067,0.4492110140408556,37.53286128940409,0.4405263474807377,32.99011332231803,0.2012059157226285,25.099553335178573,0.3283013072985176,35.3407154012914,0.2918442546094952,27.114681122693586,0.5,8.362572754015831,0.19419267010949665,16.382541450985467,0.1553588160919121
2020-06-30,34.35529222750642,0.32664443119663134,39.50407088322798,0.5,42.540759594914654,0.5,33.457789232061856,0.24681567182413924,32.38676117307658,0.35851025053889807,31.776249978602397,0.3497833323548254,28.321587206856176,0.31307856981057364,16.936009726343823,0.10319237136835342,50.104752366068844,0.5,291.70442443596204,0.0649293435287958,31.487663153728036,0.5,15.74833239350371,0.16330298355627826,15.163869880217598,0.11180698190984745,18.81721271253722,0.33383206364273565,41.9734862643021,0.23986287781872792,21.51049960079085,0.3210261226949288,33.0533903054122,0.5,22.768935348341703,0.5,21.708181843124645,0.0717473859380472,13.537869039687154,0.39008651176081105,166.74534551153715,0.5,23.121507160204196,0.4402598689372926,29.794467520365238,0.3680950907349322,103.60560691361326,0.2639273978733682,48.462583911165694,0.30704641110595565,15.148588044356323,0.1052799330705089,19.95149521707558,0.5,29.566846427608244,0.2211605236683883,5.0,0.24341212453101033,44.103040353799386,0.4238509364329056,15.309683254250874,0.12043750566241615,21.339683159775284,0.25274322001576355,33.4279436525663,0.11894516288398783,34.62649243063145,0.1319140373912519,35.27424357413925,0.23406868119180513,30.006433383190362,0.28996055374722385,17.126742888934565,0.1718910576579368,14.322567524348088,0.09316287993995136,23.843039464732925,0.14713231490869827,43.180344592442445,0.5,678.043206400932,0.01,53.24434798810504,0.15366819081618815,29.16548346176823,0.43906704734147384,42.13903616985255,0.4487032274239983,32.7016981005916,0.21278225280773447,23.85537445564751,0.3581481668105855,35.4535411764681,0.31088278010285586,27.203629432823817,0.5,8.201414166043705,0.2037674181534157,17.580422891543012,0.14619168482721082
2020-09-30,34.12239415446698,0.3305911199945037,39.18715430146244,0.5,48.00750859211625,0.5,32.58757743312048,0.25093416760703174,30.540631409768977,0.32516889986708475,30.586616318940397,0.34559942500993474,29.66975375601383,0.3302538158007044,16.552749399421096,0.10340711901861002,54.80173337562003,0.5,299.6915609479965,0.06861465234125788,36.47369797821163,0.5,14.595617644436413,0.15493374916238198,16.652835236730606,0.11323192772011566,22.85563323066142,0.33117697638349114,38.30369934589647,0.2396953962378531,21.953536955811224,0.3179215754878424,38.34593596089255,0.5,23.554659347680353,0.5,22.196509869906887,0.07165191652092473,12.681579617702115,0.3983363779579372,169.48726218022244,0.5,22.389098998815175,0.40163154575090104,28.559763560184045,0.358945416293959,108.41837237865442,0.27323444423283494,52.00717667598361,0.3222875687473216,13.335946054190009,0.11091742148932644,20.935500142933655,0.5,27.714824314770308,0.20631712487127313,5.0,0.23579760587293008,48.97044416400874,0.4275600997953733,15.672783504982627,0.12300642172475212,21.274947265852884,0.25070404883981184,35.076605111647304,0.11124185533658619,33.013481779510904,0.1332037306544661,31.010035642795685,0.2365690574322493,28.36478348731469,0.31014058815158324,18.426804569108548,0.1721023379314778,14.167351997283877,0.10070224578497225,24.04366320532168,0.1570967406633721,42.05528290344804,0.5,671.3348288740801,0.01,49.01180034769639,0.15070554908927503,30.743879810028353,0.4753405857570885,39.9132371708661,0.42643242090932426,32.56053853542699,0.21106984501789391,24.77408180910071,0.3415073210733824,36.78490811958,0.31428317183232896,28.904891398252822,0.5,8.641413019782267,0.19824638224808508,17.524354202083337,0.157033230654294
2020-12-31,33.855666965714114,0.33576577669294977,39.9517423577446,0.5,43.052023207697,0.5,34.517633362570855,0.23952988044350476,31.342609617259104,0.3397971669563019,32.325724313397025,0.34449503191098035,28.489022731511536,0.3215063580274221,16.205471998915392,0.10083518654740879,55.75022891827857,0.5,280.40122686889,0.06493611600687327,32.00178873074414,0.5,14.920588456945497,0.1596442526705402,15.057821154469112,0.11046626252037971,19.169963919787616,0.31829401410863817,40.55973143082914,0.23951541214417557,22.417888871794695,0.3151396975597045,34.78936187643469,0.5,24.00231264885408,0.5,20.549242520344357,0.07273839235693638,13.782380297553178,0.4013915967409148,167.02677109036736,0.5,23.828462976561813,0.4256792838841967,25.981121121231205,0.37817590579468835,112.15640874774542,0.2677627022861815,49.93755607805629,0.2967899682559599,15.380670961178092,0.10552227937680868,18.051779189742195,0.5,30.411586799162617,0.21170197666207524,5.0,0.23706997617853523,42.6279601836039,0.4285792811921209,15.257949916057994,0.12437701306753939,19.502306513565273,0.24693671647595267,30.24504434468748,0.1062200155727725,34.98850452112746,0.12976423165476328,35.863719261520735,0.22947099622839712,31.378914486798013,0.29334768585958976,19.121802557472606,0.16887369462804439,14.031378834354891,0.09805692031777276,24.83740774698464,0.1450553607568706,47.725730280778286,0.5,736.3053898220605,0.01,52.45893841921694,0.1520395023932181,30.326951655237387,0.45287424446548974,37.91685720838676,0.41744113213695966,31.46467670382144,0.19994736863256915,23.39821740455603,0.328651787866198,36.4308377204117,0.3049329996827018,27.738394817013265,0.5,8.220884386177989,0.19868126291677235,16.081779315648248,0.15597540616380806
2021-03-31,34.473278606593574,0.31573495183009265,35.83770204043995,0.5,43.60730835591486,0.5,35.08169722809003,0.2436615036875221,31.230398067402025,0.3311919552395122,34.14992328584104,0.36274942586523645,26.35838948306323,0.3244398716025707,16.354071836179646,0.10333936612809433,53.857117191034455,0.5,277.0008812812548,0.06717237770776041,32.831910990847106,0.5,14.429448194878589,0.16178912764357342,17.580292368745937,0.11684808710573119,19.468428170447456,0.31943092255745403,36.11518738439233,0.2416310999197791,19.961257647658865,0.3183743979596624,36.581336126954994,0.5,23.178717854507262,0.5,21.616171663240067,0.07412613380584626,12.931333607932842,0.4094072773730153,163.9208207556365,0.5,24.63096421117021,0.41247355184702994,27.98246313348297,0.3626931492614811,101.90788001796491,0.2615736476801566,48.416970736075804,0.31498919872940834,14.974070237867803,0.10733909791617338,21.54821169975878,0.5,30.521474663640248,0.2205894343456637,5.0,0.24664399240822685,44.304075514318455,0.4377519272047245,15.115583562813535,0.12457900270844777,20.633029963872012,0.24923491752744206,36.103179169079205,0.11607597626967833,29.407779700826453,0.12804713844465845,32.35689229557788,0.2193930800952346,30.283987553529656,0.31605801302173564,17.812873858394134,0.17568458889791075,14.874464450239582,0.09789412698797963,26.80437002524901,0.14689979500916064,48.4496924130053,0.5,747.530137932528,0.01,52.676458209985306,0.14834365849136733,32.36493148469041,0.45760084394561784,38.35096807847309,0.43593544042063564,31.940501347942885,0.20233288488129067,22.322779369354294,0.3441375813473884,35.4693072289866,0.29491133152931115,25.12957477159528,0.5,8.824731611489574,0.19366881590198953,17.298976704967707,0.1461160101551486
2021-06-30,35.220809861819916,0.3164226764612324,35.229647655069265,0.5,43.93875442335474,0.5,32.639371552243205,0.23578977493018752,28.94772005322791,0.3451663629275991,30.819918444806717,0.34384003091056226,29.094712572406674,0.32202705305937374,16.727752574256222,0.10420217181845683,57.561363462782666,0.5,296.5375815531587,0.06864310996013057,32.77514065002948,0.5,16.583080297778807,0.1639878853105945,16.860503299781133,0.11242736438635846,20.181216083001555,0.34169145722455424,38.11060616905327,0.2405027908743302,20.30568082831312,0.32535054064169544,34.34664044167198,0.5,25.241934655399145,0.5,20.50129373713467,0.06940463180278464,14.28381237211834,0.40317412520247126,169.25373800051693,0.5,22.493453352797925,0.42839548388061377,27.6160895390592,0.3770365305221322,101.23457693344655,0.2635212450310388,47.90261363929817,0.3121764495353051,15.404974414906496,0.10312234678865018,20.417706556604816,0.5,30.887205190543305,0.22049930578673996,5.0,0.24186039201646786,45.840641741921495,0.42433235507864137,14.34462703117231,0.12081569098216582,22.01116023918796,0.253970361486095,34.20906237166024,0.11572930775388235,35.07490096945434,0.12643292570195805,35.40556936442353,0.2169139175882808,30.64235555149507,0.29197510430638657,16.684754770357703,0.17779622017167637,15.017404951480625,0.09872687354766062,28.51127607542421,0.15382960599163167,45.71695181291652,0.5,682.7094274759185,0.01,54.07782745342525,0.1514240255608023,30.830166657909757,0.45758605479593695,40.501771001256486,0.44190465150252733,33.932422559701685,0.20953565156133624,23.763847758860702,0.32753678528777863,37.45519491044861,0.3044293734631156,28.263536682695143,0.5,9.176715570228694,0.1982185862937415,15.319344292040277,0.15881109292456047
2021-09-30,35.67467850136807,0.31870570340106835,35.84071652295362,0.5,40.596694347826876,0.5,30.991482551640072,0.2485567966733357,32.600016189970255,0.35847426678041794,31.825282400823273,0.35635424639305213,29.560223686589836,0.3195235112957048,17.46410685385243,0.10172025009919804,48.70410637669452,0.5,314.0695444948137,0.067940208565864,32.20539371478367,0.5,15.259369060293642,0.16450054457843552,17.824273930282402,0.1132286846107035,19.339007600644585,0.32927888061972277,35.178160496862304,0.22916687821209758,23.015544944427646,0.3035056977128859,35.499158002688176,0.5,25.197569206990963,0.5,21.146315738608056,0.07262582524210094,13.26176924916809,0.3798125393615844,169.0203764898717,0.5,22.658909815927938,0.42646618610850234,29.816169015135035,0.38083343133690223,100.96795632744525,0.2726060473347977,53.01727288321412,0.29685963433085416,13.013817450976983,0.11131227947375208,21.15486505675776,0.5,30.834603617027255,0.21527472618112936,5.0,0.23334804213977067,43.96333421348574,0.421790891095079,15.274029701988367,0.11797403334642491,20.447392707457944,0.2380308039587859,35.44414237634245,0.11361952366759973,36.23407333358568,0.12353826245277265,33.28810776346561,0.23582750760888677,32.32657356807383,0.2961012172237297,17.90067999629355,0.15766322209207367,15.680473029294491,0.09722751948257405,27.3749621336654,0.1479427218687938,48.96747980293558,0.5,684.8677783329882,0.01,53.459223731394964,0.14847659754853892,28.75164571718846,0.4784429081602954,39.81896516936363,0.4386485956703139,33.40714473417932,0.20785057426097253,23.935816731800344,0.35999359118202523,36.37073299994064,0.29856018945682516,28.932540687691603,0.5,9.330949867208906,0.1943818881462619,15.717810135020258,0.15948208999154634
2021-12-31,32.29187075578173,0.3177028008716811,38.099187108540114,0.5,43.45400646372682,0.5,35.80688910593165,0.23272885522392833,30.915980219242567,0.3582061233616547,31.583402004581483,0.36830217224487416,29.57883585385943,0.3430441035462967,15.52861266588096,0.1059301305580285,50.41484851925631,0.5,313.3543968301197,0.06897257129276854,32.96409673498679,0.5,16.959851968301823,0.17801460737183034,16.0596582186622,0.11330415025753802,19.23589317886005,0.33689545859695497,33.93686761955461,0.24488339416117935,22.363810559101516,0.33157857098057536,36.04732856683422,0.5,24.174493926785548,0.5,20.721167085506405,0.07166852549194411,14.684691070266563,0.4034263936251303,177.1272471466679,0.5,24.762168547944214,0.41541307149087603,27.38712588166917,0.36588925118358734,106.7274600045459,0.26147770974850304,48.241350250814556,0.31338551826806577,13.453334187505687,0.10479638243030379,20.518052716120607,0.5,28.852609368798742,0.2219713270201808,5.0,0.23101905127749095,47.85137331338006,0.45452231393466813,14.831747156774174,0.11458772139451039,21.456761190786153,0.2576677334269622,34.377188405801995,0.11118454556768209,32.025616469365886,0.1280947921788443,34.44034492634854,0.24296448837079024,31.18118117593317,0.2800385341557737,17.185078720679293,0.17636553675880615,14.413746670013746,0.10301751380586145,25.06978519125255,0.15167317190478596,50.069062149411316,0.5,697.144487513502,0.01,55.27664166496566,0.14967631582439683,27.564595434677127,0.46190468340014035,40.18120269955053,0.4106164638819002,32.617915994354725,0.21724319473375192,23.558160586849432,0.328055761249034,37.71316319425903,0.29953589034943207,27.982425656021757,0.5,9.12605657381904,0.18570404924872608,15.199708046277433,0.14676381310036196
2022-03-31,36.79594367219883,0.3219873367402524,36.028740096743164,0.5,43.129620088742406,0.5,30.910222663306588,0.23743292848375064,32.450294595552606,0.384614082183124,31.341360636374315,0.3573918125590782,28.868207559309745,0.32163253220511345,16.23754773979432,0.09822111543773313,49.91710680504937,0.5,296.069943679168,0.06935237952770046,31.53813621369592,0.5,14.833808763112375,0.16869018423662674,16.317280663440624,0.10837712343892544,20.47036523227284,0.3492047362063629,39.621862093339075,0.2347337389941191,22.482928733085974,0.3180130700396305,36.929353925486275,0.5,23.884149765233712,0.5,21.698684891530505,0.07306611326149492,13.677531314020998,0.4121810316533644,175.7870390791864,0.5,24.809727105465644,0.42617641696567454,26.5446715616952,0.3594986264805706,102.44281416291174,0.2626039547955163,51.96133045985068,0.30619726703001615,13.366284300993422,0.10781414788372823,18.762343792839065,0.5,29.54058538908408,0.23467252943897512,5.0,0.24170768914213536,44.69605553567843,0.43587049423250906,16.32470940871437,0.12434774604148267,20.81019203646488,0.2539275046653038,31.435567323311226,0.11400433022933487,33.04178785859873,0.13342771167529766,34.005071037347605,0.22235155696446166,30.05599323135566,0.3034766557101433,16.594858868382666,0.1742014060340994,15.032406344429727,0.10416715594668842,25.593668772762108,0.1502017354577535,46.82042212917982,0.5,695.9321737435879,0.01,50.480092460243874,0.13902984212132724,28.354792119543923,0.4756959360583013,42.54291582905793,0.4118623021776955,32.79224459770821,0.2206715059137776,25.888247871330734,0.330188836516623,38.78892048312153,0.29847411872546076,29.099089999872742,0.5,9.002220626333658,0.20028439358464323,16.505377294084628,0.14762932934145157
2022-06-30,31.592786709849527,0.3266725013511744,38.55592535557536,0.5,44.19097265356131,0.5,31.45215775108879,0.23675209709476616,32.11075624396591,0.3401287978869803,31.013667900417435,0.349178598925677,30.073661513815065,0.3199360983081217,14.966602747997927,0.1022482334923674,55.15253676255096,0.5,281.17266795094656,0.06862929433371323,34.86928593367279,0.5,16.12383771175507,0.16679668298820524,16.948778061042596,0.11476314457911795,19.13655767299382,0.33575294085649593,36.63382222277018,0.22885670274542347,22.74635743593456,0.3215737765931977,35.03251934239764,0.5,23.26063371705039,0.5,21.72314781015315,0.0748039321846872,12.591954588000386,0.37718058016078226,180.32334564823105,0.5,23.88192944701551,0.43486913332288213,27.954330594366002,0.3696509981735563,104.24072952189353,0.2606893463889956,49.301760298787606,0.3123503505559458,13.800930775640214,0.10422456583237509,21.549619762155896,0.5,27.583237274578984,0.22756666483896412,5.0,0.23613045352520357,45.63080175732966,0.4220269992293224,16.938435647984026,0.12010216171782138,19.433671444184228,0.25955945292225574,36.105538322113,0.107778371970474,35.33657837485221,0.13799012835740349,31.782934935347694,0.22086516364372,30.598537035057973,0.293469453178174,17.80710341329068,0.16904221186925247,14.826671207224269,0.0986743844933345,26.762078998787583,0.15565750916693927,45.56890931418648,0.5,646.0651772854907,0.01,53.0251647249242,0.15841830101828341,26.384204199097194,0.4532081745452813,39.24957081064341,0.4215965533172349,34.88894290570205,0.20969539312879507,25.929508017668915,0.34465190833576315,35.248717425649794,0.29368274970137476,27.245511651762058,0.5,8.595432730916606,0.19423848285937284,16.970339203935204,0.1506937802443948
2022-09-30,35.31532976059777,0.3283792252119434,38.594589125396645,0.5,39.67892754355287,0.5,34.122195538019284,0.24208775601388208,34.11250695813883,0.35741064460126476,33.9276529012314,0.3536100704268376,27.403218917448818,0.3109201361400231,16.487207500800366,0.10315450461058442,52.66374450100505,0.5,313.9428797589563,0.06694001137814118,36.10979080730007,0.5,16.11300980794391,0.168636128020441,18.199397007049342,0.11393150501527066,19.25222349447106,0.30536476697812814,39.606688658672624,0.22319516388674682,22.143313190815686,0.31749234241033175,34.5251098808514,0.5,25.456684760741325,0.5,22.6811023165769,0.07504054281392086,15.36835835460435,0.4110104769298101,177.3959725773743,0.5,24.24480676582299,0.43438388216682633,28.89349432887882,0.3457061525409367,105.20079512203152,0.2828814776481727,48.67093573183246,0.29893129844631416,15.251448810012263,0.10474992956299338,18.070819414308342,0.5,29.96051195429296,0.23097759594912898,5.0,0.24036803212986751,43.65245820336145,0.4224203819242864,15.66507200281442,0.1217207282514083,21.12913628103313,0.2592905755346868,30.276945490291073,0.10997523759524068,34.599914056478596,0.13220548254056996,32.70102312808088,0.23344403346052206,30.37049527104543,0.2926544401882467,17.42501913402702,0.17154437391031863,13.390812096415681,0.09146442456771994,29.64929738762458,0.15742215423656034,43.755290044957675,0.5,626.9157639129876,0.01,55.988543791762154,0.14577510371564947,26.806801470003673,0.4801257418937603,37.28776474981351,0.44756774985819675,35.30208132365967,0.20190383432848014,24.981450970041507,0.3527769591100572,38.23578754297002,0.31093851793185384,25.27585374354165,0.5,8.961283271008764,0.19753284942115268,15.9549105947949,0.1526175413186636
2022-12-31,35.107086571125116,0.3190080985201599,35.43357288909808,0.5,42.5401093959459,0.5,29.93912575325595,0.25982255668069865,30.558029173441707,0.351368083119244,30.56470229814824,0.36962428218132926,27.611182041354994,0.3217742175276244,17.516069828304893,0.10558872829015839,50.22046749440518,0.5,288.7986563686688,0.0672841625347571,36.6262478054459,0.5,15.777505376285246,0.15647690820297191,16.304559400222185,0.11240776732532935,20.00126073223938,0.32880348814251903,39.627462962538324,0.23434642491363203,22.800832893227632,0.31644807786069123,33.7645889306095,0.5,25.276683457422294,0.5,21.96714099731129,0.07353353732560086,13.515498021239042,0.41320497606198064,167.9242655029471,0.5,24.334617993532028,0.43266220651357684,26.715889585221216,0.361352528281564,101.86901686522799,0.2742054186567239,49.88270365380732,0.2986973488663397,14.895255642862313,0.10935722007262114,19.502485783705165,0.5,30.31228596381077,0.22762690337315045,5.0,0.2533114373392792,40.51247763472034,0.4188704391894278,16.236327187088307,0.12138308027784882,21.38699316291743,0.26373405579577314,32.67564604905982,0.1145779885520477,36.133911329866166,0.13368269137500094,34.84975435562715,0.23069986745632695,34.047434873266226,0.30521321178435074,17.45073910164029,0.18263348031452514,14.499487907593144,0.10191467216766077,26.680168767575594,0.14401672571471194,45.22335033427342,0.5,669.7812841060178,0.01,56.1457379932976,0.1453346653443611,31.163955256764684,0.45851455692241155,37.051413803009375,0.4015405094615419,34.33460913396361,0.2046255417346825,25.359966294072162,0.32918860819813084,35.904405416924995,0.3214909928467898,26.352372637469742,0.5,9.599331227684942,0.20086194286440956,16.10908824036174,0.14911134183467917
2023-03-31,31.034522809328752,0.31672643057163735,37.46916583831328,0.5,43.22841323433015,0.5,31.30385739531924,0.23676763998635786,31.603198764809733,0.3556347770647591,28.251140551135794,0.34407683992356,29.810881280138524,0.31959976409324864,14.867769995023654,0.1002514773651174,49.14793484655577,0.5,288.5705313260462,0.06311123593214416,31.297351047286778,0.5,14.34227094128861,0.16989055492240943,16.5578577650228,0.11623339085880548,19.66447524902712,0.329383375118869,38.46434476098355,0.24701865699787554,22.442590664749137,0.3256868474726391,34.93270859788455,0.5,23.254704269336546,0.5,20.641144915001803,0.07607176862314588,14.35336897009561,0.39643332954048704,175.50273914361787,0.5,23.80455767701301,0.4141677074189756,28.17987162443847,0.3757367503630653,100.49050298032172,0.27280985649094774,49.84652956688893,0.30571502709294307,15.307130506600704,0.10413680770733924,19.936487550700875,0.5,31.727704383847858,0.2305590466711153,5.0,0.23175724426239389,45.841364381499446,0.4404697777615313,16.538125109738868,0.11819845248267757,19.899282530739107,0.25533116357612695,33.40279889922967,0.11675115389575794,36.273416893102684,0.13451752786307414,33.57328845814816,0.23491012243706028,31.92859496342716,0.3051291211736453,16.576297539375773,0.1773071919893126,14.27739822384389,0.09277177668076653,26.214995940722382,0.15101272042440564,49.22134219583323,0.5,664.4960098962341,0.01,53.164310070285374,0.1453790954662835,32.08641673789513,0.47031156477753516,41.68166044290066,0.42458064632925696,30.277968152427654,0.21205202506005932,24.452436781229714,0.3435681469647068,37.45277837828391,0.28845069170512116,30.39916890844767,0.5,9.264289188992034,0.19421993724630604,16.235131029337357,0.1503368533081584
2023-06-30,35.676549638340475,0.3120399527168277,38.90163739494035,0.5,43.142577136111946,0.5,32.34165085451115,0.24871755560414208,34.03696428940845,0.3598720906672361,31.7868802002235,0.3543222962433239,30.283103033266244,0.3442185090113153,15.59038077576525,0.09940687863080534,48.60633354977847,0.5,281.64096189592124,0.06487415323688367,32.15537959641849,0.5,15.01668902960926,0.15710317840716967,18.574495581871037,0.11235393460309344,19.150365047600072,0.34320667950473177,38.45421956731181,0.239519315715452,21.897675455720837,0.30939007596559204,38.176703392378776,0.5,21.12785721689074,0.5,20.552718142287233,0.0780286529306268,14.008216390932574,0.3836285776726155,157.562825752034,0.5,25.9245576826039,0.4085903709402395,28.572633758067607,0.3862243305708416,101.39891153670757,0.27783541824959423,56.84371013537604,0.3116676396728864,14.530544025562675,0.10386317954633019,20.625563480528026,0.5,29.723084991484566,0.21094885664467,5.0,0.25864986635107956,44.36027748873774,0.42377630836278435,15.740746815104114,0.12139680437644317,22.96646815169816,0.2507956897735475,34.55731845297659,0.1103360328548251,32.07111981867558,0.12846571657329028,32.62954597760026,0.23929812227942082,30.49772676225814,0.3030056989654652,17.09988317919828,0.1714864330597892,15.692603086655557,0.10038561829761712,27.782348738921677,0.1470849259918047,43.98127976926325,0.5,675.3656803090175,0.01,53.657087063125765,0.15548924095910596,26.88409419846016,0.47999882299071,40.86899304299828,0.4002508835830549,33.03183646488578,0.20272219864427315,27.04616852829477,0.3261578074729345,39.86165522858933,0.2908390146141024,26.713887522564153,0.5,8.4831401582439,0.19490227423717355,15.688463644260132,0.15564934701653413
2023-09-30,34.55066873201991,0.3431731618128621,41.02440621098121,0.5,47.53623270914046,0.5,37.566651549291905,0.25198904127330274,30.13667672135784,0.3653747308371664,30.12715084268306,0.35880157309487637,25.907716979893298,0.3155957477278851,16.294150141583987,0.09556985611853278,57.060068483871184,0.5,323.25296258415733,0.07108737195581079,32.45604752776878,0.4962945707497909,16.88030896751528,0.16379883055855363,17.027669449412226,0.11167874701952396,20.88158446203365,0.3278048191605614,40.98715486922679,0.21744328034818458,22.507054496230054,0.30690592844032766,35.01080487296064,0.5,23.68543964044714,0.5,20.06045418131302,0.06769696018964086,13.433516936678528,0.38973653500194305,188.12903458103395,0.5,22.931602601950225,0.4292827766432608,28.218492405382122,0.37622152449782226,96.07214398192521,0.2823160828143884,49.10621017226947,0.31288139587413466,16.16421158776093,0.10006808438364416,20.436179401266102,0.5,27.52266343074017,0.22379182844801623,5.0,0.2528425729743536,46.25913995511426,0.45501700374025694,14.403084571262946,0.12195420918682127,22.37780636904766,0.25579831051346946,34.24001289460207,0.11025394451056737,32.64906448183135,0.12162811285882598,32.77631659380987,0.23496380085085253,29.20257818882496,0.3049877404506461,16.259591737866256,0.18818373695932644,14.987985687473763,0.0982583696601034,28.95814588517048,0.14435682550208542,48.72926932986284,0.5,681.7224200731134,0.01,55.418663672289966,0.15286667712580498,29.39870014078704,0.47024929122635956,39.61780502026412,0.436926078160143,31.287121547675206,0.2067309799620079,24.795325195767727,0.3423527687624502,37.5051281436552,0.30529601555871444,25.958154755978295,0.5,8.493631828545352,0.20192807477898156,16.09397762745538,0.14352987562426217
2023-12-31,37.34387135961645,0.325567810504179,35.867263250188174,0.5,45.30271296304112,0.5,35.12762988830523,0.24004254445036916,32.28412868880055,0.3582980615313977,31.393708420689762,0.3470734574271888,29.973253755232605,0.32715936655656647,16.799045084332707,0.10004647406285765,52.09044259611534,0.5,282.82063385098104,0.07015662560339794,32.674595982324924,0.5,15.462563189953592,0.16750139617459497,17.326697747108415,0.11648474060502853,18.984798426895757,0.33265786327785213,40.389782359720314,0.2290975455917155,20.8498696743473,0.30969618566519524,35.55373581819603,0.5,25.3601937357756,0.5,23.85941007341709,0.06918545113897026,13.834078576089818,0.41455587827665585,170.43197209125714,0.5,24.50568790070883,0.4177406204281894,28.822320020771222,0.37858791775440637,101.04643611889699,0.28058889347812677,50.230321987278046,0.30415583323688317,14.343952913763985,0.10932157171224469,20.696133453099254,0.5,29.889405997665566,0.23222527663451395,5.0,0.2530008583722344,42.744368675153254,0.4186491888960198,13.868185356961671,0.12277507329917314,20.487389248984535,0.2554162192606447,34.67555565981286,0.1144347862305581,32.971194310381186,0.12240147379343763,35.59307959242069,0.24057228772573183,29.3970367603047,0.29373567580665433,15.12742187347875,0.16361999501426738,13.726236057438301,0.09381186565256737,27.577491822775638,0.14630070877763784,44.129599122284304,0.5,685.9748741006332,0.01,53.91955450671691,0.14904332839923456,29.415043752099265,0.4615895691189258,37.63010096688952,0.4192303670398075,31.763816762545797,0.2118422535829455,26.417917459989056,0.3346594154519802,39.27478761398265,0.2999311877214819,28.148263227826135,0.5,8.726627225543584,0.19588854543792233,14.884017463587236,0.15325047475505732
2024-03-31,36.588017040237105,0.3191905499132895,39.166978404658515,0.5,42.670635843055855,0.5,33.26116527757128,0.2374387796934264,32.440441175433,0.3548830683426226,32.80455158955601,0.34494958878341603,31.27466994786614,0.31935415875089607,17.98324253787682,0.101303589794407,49.27764718213965,0.5,301.6588045652896,0.06803362860054978,34.65879399627241,0.5,14.292562499505529,0.155197406305235,16.206660472349824,0.11118896393516146,19.369903870552527,0.3341836385624253,39.57356651124691,0.2418073296175728,20.794797387299575,0.32649504325998646,35.243469688225865,0.5,25.35617024900626,0.5,22.107851969576675,0.07368488610830573,14.929065324205522,0.3971149188736197,178.3901708411774,0.5,23.42082259481266,0.4046168001868713,25.699979587234612,0.3706288640271684,95.71293545644009,0.26954603868774074,47.68112433725926,0.3358370466732894,13.300410612819256,0.10115140397964147,21.08901214316031,0.5,31.20518377313564,0.2260965928454348,5.0,0.2508057652145017,43.845247299203855,0.43565529800042396,15.656678077910108,0.11830677880353732,20.307096795522856,0.25343902903494375,35.333808415847656,0.10851451706107904,33.91237848137582,0.1319814331578626,30.66133085614173,0.24345680285929985,30.89027497101158,0.2989796280247386,15.455425915061195,0.1664426883263058,13.789431337829047,0.09671195627249765,26.671949315297525,0.15717275775047282,48.265072447126464,0.5,669.4824411179694,0.01,54.69455101201874,0.14815756142784745,28.057993935224342,0.46985937760029506,44.92856341172103,0.42030683142195524,28.002865431632983,0.21365691990550298,26.091329380987606,0.3328674436907295,37.5342857234284,0.30453864917814705,28.254734140193793,0.5,8.535899145380933,0.19781940176208904,15.72668354587928,0.14683944311032657
2024-06-30,33.56729755990179,0.31929765837168544,39.02384502258001,0.5,40.30828330250054,0.5,35.61201032066132,0.23979164402464975,30.568941859429163,0.34678281453284576,29.894750634135907,0.3678978124594205,28.61317311948964,0.3396127620918513,16.686378828331804,0.10137506332347082,54.27424938079324,0.5,321.5414308053019,0.07014240790099213,32.363785022074886,0.5,15.043779717371697,0.16634113416458982,16.876707784963966,0.11046196339121928,19.4518229763198,0.31662846660168426,35.144080745869054,0.23459718214671052,23.06558477753498,0.3246554017512635,36.98223439303693,0.5,21.78396620193017,0.5,22.898257308647256,0.07058874673152332,12.972026333238995,0.37873818206200094,168.1224339952619,0.5,24.213424483796018,0.42633103306966963,29.835288423760787,0.3740490922515207,99.86126246099299,0.262488570950108,51.09673276955235,0.3099828012126765,14.538730238811794,0.1093598174291196,18.432905434660594,0.5,28.631679651444948,0.22473479970211233,5.0,0.2456080743751405,42.91065210554694,0.43459756990141946,13.841855280705811,0.12266168490320437,20.389564559572943,0.2557065786487756,30.883606342223516,0.1105498554584381,31.774410398910764,0.12960788082421434,33.139195211864845,0.21214481968790638,32.327049901143724,0.2910304492000333,16.488402150424044,0.16342920437283115,14.756787355706143,0.09833176254404413,26.63760562151794,0.1503993857265169,42.46519103571266,0.5,630.6080854454401,0.01,51.70694957165537,0.14925432427286942,28.1708334286763,0.4715081276656237,38.13887789024168,0.4129314986084308,34.280049524341685,0.20370787964628928,26.19402282398915,0.33315070675415426,37.344939985416474,0.30206643259690497,29.286062562937072,0.5,9.05537919938041,0.1908884224604564,16.795844159612443,0.14572689209270215
2024-09-30,35.04669468706315,0.3200549492208168,38.45056085365808,0.5,45.30990609861091,0.5,32.32391482218746,0.24828362324673844,34.518960401141356,0.34516344372670726,30.763313633080312,0.36162974757205724,29.421080666076225,0.320197924824513,15.74439213345321,0.09805884295762807,51.840300902133734,0.5,310.3014732845508,0.07172072042186668,31.95321249999808,0.5,16.274445842871007,0.16953730956291904,17.75180782009921,0.11046280989294349,17.61105178211772,0.32937896214047097,36.3286473539781,0.23688634249811708,20.948922009445187,0.31665906718893844,35.719769263990095,0.5,22.826690150225556,0.5,22.380781896140203,0.06996263874919652,12.504708760031471,0.3865735498807788,169.66318152091978,0.5,23.997074567451786,0.43133249181724453,27.42877613849884,0.38056121035549134,109.967269934181,0.27210049335794917,49.819863805589186,0.304216687378503,14.959773238298329,0.10826888245445018,20.039391031466455,0.5,30.67800610577905,0.215628784877076,5.0,0.2390265047909406,43.20905948191296,0.4358397296950073,15.850616713584849,0.12176835536825613,21.913128684378933,0.2556406681242092,33.57520962430359,0.10746386838779233,35.68712145002567,0.12781793048208276,33.80618209232265,0.23765190164204042,32.35876330464345,0.307753390756945,18.223175279632354,0.18090544162603656,15.25290796448744,0.09932537636210569,27.40527884221864,0.14979608241540793,46.89668030707657,0.5,615.6409065195196,0.01,55.20189416319266,0.15476320214161368,29.69279020423513,0.45237260610608526,37.24479984082427,0.4233323771700592,32.299929860953746,0.2119943038233743,24.577149396067224,0.3412259642063202,34.98226881277754,0.3018334728569146,28.256918723904146,0.5,7.855211296260551,0.19356948529236426,15.060470123422732,0.1516793722402427
2024-12-31,36.71235018070585,0.32502229242495745,37.48198666751757,0.5,40.17658237789913,0.5,31.726899830499026,0.23588653044341626,32.39753289154387,0.3420133814854604,31.913640478942593,0.35058410505534376,28.56295431664355,0.31344371051251424,15.05209697340099,0.10328129505128891,52.00222063581513,0.5,283.21948503338666,0.07003943827859252,31.428794203061656,0.5,15.43847167511491,0.16328415211836636,16.833026668827262,0.11208832738740702,18.891576646968883,0.33810939527606115,40.13791376455963,0.24051364670039893,20.305834605867975,0.32251008185252056,35.09503442648107,0.5,22.683959754094396,0.5,22.567017411310406,0.07704805931917423,13.065139242581619,0.3897655952821236,173.93574656585028,0.5,23.40742015044018,0.4199741111783723,26.573685124384,0.36097390728657697,99.02673866644228,0.28621639201739435,48.59015871251182,0.30543892269948686,16.14333675667413,0.10249317962512018,21.16538483991189,0.5,29.895076389570917,0.22593382255270753,5.0,0.2468097649405213,44.11932433686787,0.4230822543522063,15.888856727691165,0.12130430386023969,22.42845053503399,0.2489927739017459,35.46176785827688,0.10777773877717098,35.28970155198634,0.14015980016148466,34.59613613983763,0.2239906728695669,29.763227702651378,0.2973688833885827,17.129943127676512,0.17005429771915914,16.578382632809912,0.09618128150019123,25.34289751592134,0.1483189883724759,46.81321655233458,0.5,683.012183193092,0.01,53.65892881017388,0.15125948289776484,29.173364352217092,0.45724355167497316,45.111585590503275,0.4123473475293187,32.919024420106645,0.21042520026239506,25.867929153427312,0.3476969161626203,38.98854754192528,0.31142802018832555,26.461179962360248,0.5,8.710075617634752,0.20270374889521842,15.162153940922227,0.15568571211658383
